BOSS00.PAC	0x2a	63	BOSS00.PAC,BOSS01.PAC,BOSS02.PAC,BOSS03.PAC,BOSS04.PAC,BOSS05.PAC,BOSS06.PAC,BOSS07.PAC,BOSS08.PAC,BOSS09.PAC,BOSS0A.PAC,BOSS0B.PAC,BOSS0C.PAC,BOSS0D.PAC,BOSS0E.PAC,BOSS0F.PAC,BOSS10.PAC,BOSS11.PAC,BOSS12.PAC,BOSS13.PAC,BOSS14.PAC,GDEMO00.PAC,GDEMO01.PAC,GDEMO02.PAC,GDEMO03.PAC,GDEMO04.PAC,GDEMO05.PAC,GDEMO06.PAC,GDEMO07.PAC,GDEMO08.PAC,GDEMO09.PAC,GDEMO0A.PAC,GDEMO0B.PAC,GDEMO0C.PAC,GDEMO0D.PAC,GDEMO0E.PAC,GDEMO0F.PAC,GDEMO10.PAC,GDEMO11.PAC,GDEMO12.PAC,GDEMO13.PAC,GDEMO14.PAC,RDM00.PAC,RDM01.PAC,RDM02.PAC,RDM03.PAC,RDM04.PAC,RDM05.PAC,RDM06.PAC,RDM07.PAC,RDM08.PAC,RDM09.PAC,RDM0A.PAC,RDM0B.PAC,RDM0C.PAC,RDM0D.PAC,RDM0E.PAC,RDM0F.PAC,RDM10.PAC,RDM11.PAC,RDM12.PAC,RDM13.PAC,RDM14.PAC
CDEMO00.PAC	0x1	21	CDEMO00.PAC,CDEMO01.PAC,CDEMO02.PAC,CDEMO03.PAC,CDEMO04.PAC,CDEMO05.PAC,CDEMO06.PAC,CDEMO07.PAC,CDEMO08.PAC,CDEMO09.PAC,CDEMO0A.PAC,CDEMO0B.PAC,CDEMO0C.PAC,CDEMO0D.PAC,CDEMO0E.PAC,CDEMO0F.PAC,CDEMO10.PAC,CDEMO11.PAC,CDEMO12.PAC,CDEMO13.PAC,CDEMO14.PAC
CONT00.PAC	0x12	42	CONT00.PAC,CONT00X.PAC,CONT01.PAC,CONT01X.PAC,CONT02.PAC,CONT02X.PAC,CONT03.PAC,CONT03X.PAC,CONT04.PAC,CONT04X.PAC,CONT05.PAC,CONT05X.PAC,CONT06.PAC,CONT06X.PAC,CONT07.PAC,CONT07X.PAC,CONT08.PAC,CONT08X.PAC,CONT09.PAC,CONT09X.PAC,CONT0A.PAC,CONT0AX.PAC,CONT0B.PAC,CONT0BX.PAC,CONT0C.PAC,CONT0CX.PAC,CONT0D.PAC,CONT0DX.PAC,CONT0E.PAC,CONT0EX.PAC,CONT0F.PAC,CONT0FX.PAC,CONT10.PAC,CONT10X.PAC,CONT11.PAC,CONT11X.PAC,CONT12.PAC,CONT12X.PAC,CONT13.PAC,CONT13X.PAC,CONT14.PAC,CONT14X.PAC
DEMO.PAC	0xf	1	DEMO.PAC
END00.PAC	0x28	21	END00.PAC,END01.PAC,END02.PAC,END03.PAC,END04.PAC,END05.PAC,END06.PAC,END07.PAC,END08.PAC,END09.PAC,END0A.PAC,END0B.PAC,END0C.PAC,END0D.PAC,END0E.PAC,END0F.PAC,END10.PAC,END11.PAC,END12.PAC,END13.PAC,END14.PAC
PL00.PAC	0x4	1	PL00.PAC
PL00X.PAC	0x5	1	PL00X.PAC
PL00X.PAC	0xb	24	PL00X.PAC,PL01X.PAC,PL02X.PAC,PL03X.PAC,PL04X.PAC,PL05X.PAC,PL06X.PAC,PL07X.PAC,PL08X.PAC,PL09X.PAC,PL0AX.PAC,PL0BX.PAC,PL0CX.PAC,PL0DX.PAC,PL0EX.PAC,PL0FX.PAC,PL10X.PAC,PL11X.PAC,PL12X.PAC,PL13X.PAC,PL14X.PAC,PL15.PAC,PL16.PAC,PL17.PAC
PL01.PAC	0x4	1	PL01.PAC
PL01X.PAC	0x5	1	PL01X.PAC
PL02.PAC	0x4	1	PL02.PAC
PL02X.PAC	0x5	1	PL02X.PAC
PL03.PAC	0x4	1	PL03.PAC
PL03X.PAC	0x5	1	PL03X.PAC
PL04.PAC	0x4	1	PL04.PAC
PL04X.PAC	0x5	1	PL04X.PAC
PL05.PAC	0x4	1	PL05.PAC
PL05X.PAC	0x5	1	PL05X.PAC
PL06.PAC	0x4	1	PL06.PAC
PL06X.PAC	0x5	1	PL06X.PAC
PL07.PAC	0x4	1	PL07.PAC
PL07X.PAC	0x5	1	PL07X.PAC
PL08.PAC	0x4	1	PL08.PAC
PL08X.PAC	0x5	1	PL08X.PAC
PL09.PAC	0x0	1	PL09.PAC
PL09.PAC	0x4	1	PL09.PAC
PL09X.PAC	0x8	1	PL09X.PAC
PL09X.PAC	0x5	1	PL09X.PAC
PL0A.PAC	0x4	1	PL0A.PAC
PL0AX.PAC	0x5	1	PL0AX.PAC
PL0B.PAC	0x4	1	PL0B.PAC
PL0BX.PAC	0x5	1	PL0BX.PAC
PL0C.PAC	0x4	1	PL0C.PAC
PL0CX.PAC	0x5	1	PL0CX.PAC
PL0D.PAC	0x4	1	PL0D.PAC
PL0DX.PAC	0x5	1	PL0DX.PAC
PL0E.PAC	0x2b	1	PL0E.PAC
PL0E.PAC	0x4	1	PL0E.PAC
PL0EX.PAC	0x2c	1	PL0EX.PAC
PL0EX.PAC	0x5	1	PL0EX.PAC
PL0F.PAC	0x4	1	PL0F.PAC
PL0FX.PAC	0x5	1	PL0FX.PAC
PL10.PAC	0x4	1	PL10.PAC
PL10X.PAC	0x5	1	PL10X.PAC
PL11.PAC	0x4	2	PL11.PAC,PL13.PAC
PL11.PAC	0x16	2	PL11.PAC,PL13.PAC
PL11X.PAC	0x5	2	PL11X.PAC,PL13X.PAC
PL11X.PAC	0x17	2	PL11X.PAC,PL13X.PAC
PL12.PAC	0x4	1	PL12.PAC
PL12X.PAC	0x5	1	PL12X.PAC
PL14.PAC	0x4	1	PL14.PAC
PL14X.PAC	0x5	1	PL14X.PAC
PL15.PAC	0x4	1	PL15.PAC
PL16.PAC	0x4	1	PL16.PAC
PL17.PAC	0x4	1	PL17.PAC
SELECT.PAC	0x4	1	SELECT.PAC
SELECTA.PAC	0x27	1	SELECTA.PAC
STAGE00.PAC	0x6	1	STAGE00.PAC
STAGE01.PAC	0x6	1	STAGE01.PAC
STAGE02.PAC	0x6	1	STAGE02.PAC
STAGE03.PAC	0x6	1	STAGE03.PAC
STAGE04.PAC	0x6	1	STAGE04.PAC
STAGE05.PAC	0x6	1	STAGE05.PAC
STAGE06.PAC	0x6	1	STAGE06.PAC
STAGE07.PAC	0x6	1	STAGE07.PAC
STAGE08.PAC	0x6	1	STAGE08.PAC
STAGE09.PAC	0x6	1	STAGE09.PAC
STAGE0A.PAC	0x6	1	STAGE0A.PAC
STAGE0B.PAC	0x6	1	STAGE0B.PAC
STAGE0C.PAC	0x6	1	STAGE0C.PAC
STAGE0D.PAC	0x6	1	STAGE0D.PAC
STAGE0E.PAC	0x6	1	STAGE0E.PAC
STAGE0F.PAC	0x6	1	STAGE0F.PAC
STAGE10.PAC	0x6	1	STAGE10.PAC
STAGE11.PAC	0x6	1	STAGE11.PAC
STAGE12.PAC	0x6	1	STAGE12.PAC
STAGE13.PAC	0x6	1	STAGE13.PAC
