80118900	8	func_80118900	-	-	0	0	closed
80118908	188	func_80118908	system	disc,graphics,memory card,pads,sound,system,threads,unidentified	0	0	open
801189c4	844	-	graphics,system	disc,graphics,memory card,pads,sound,system,threads,unidentified	0	0	open
80118d10	328	func_80118d10	graphics,pads,system,unidentified	disc,graphics,memory card,pads,sound,system,unidentified	0	0	open
80118e58	368	func_80118e58	graphics	graphics	0	0	closed
80118fc8	104	func_80118fc8	-	-	0	0	closed
80119030	76	func_80119030	-	-	0	0	closed
8011907c	200	func_8011907c	system,threads	system,threads	0	0	closed
80119144	84	func_80119144	-	graphics,system,threads,unidentified	0	0	closed
80119198	68	func_80119198	-	graphics,system,threads,unidentified	0	0	closed
801191dc	224	func_801191dc	system,threads	system,threads	0	0	closed
801192bc	52	func_801192bc	threads	threads	0	0	closed
801192f0	80	func_801192f0	system,threads	system,threads	0	0	closed
80119340	100	func_80119340	system,threads	system,threads	0	0	closed
801193a4	88	func_801193a4	system,threads	system,threads	0	0	closed
801193fc	36	func_801193fc	-	-	0	0	closed
80119420	36	func_80119420	-	-	0	0	closed
80119444	72	-	-	disc	0	0	closed
8011948c	104	func_8011948c	-	-	0	0	closed
801194f4	416	func_801194f4	graphics	graphics	0	0	closed
80119694	132	-	-	-	0	0	closed
80119718	292	func_80119718	-	-	0	0	closed
8011983c	432	func_8011983c	graphics	disc,graphics,sound,system,threads,unidentified	0	0	open
801199ec	328	func_801199ec	graphics	disc,graphics,sound,threads	0	0	closed
80119b34	8	func_80119b34	-	-	0	0	closed
80119b3c	452	func_80119b3c	-	-	0	0	closed
80119d00	8	func_80119d00	-	-	0	0	closed
80119d08	128	func_80119d08	-	-	0	0	closed
80119d88	84	func_80119d88	-	-	0	0	closed
80119ddc	152	func_80119ddc	-	-	0	0	closed
80119e74	420	func_80119e74	-	-	0	0	closed
8011a018	1016	-	graphics	graphics	0	0	closed
8011a410	332	func_8011a410	-	-	0	0	closed
8011a55c	152	func_8011a55c	-	-	0	0	closed
8011a5f4	16	func_8011a5f4	-	-	0	0	closed
8011a604	180	func_8011a604	-	-	0	0	closed
8011a6b8	140	func_8011a6b8	-	-	0	0	closed
8011a744	56	func_8011a744	-	graphics	0	0	closed
8011a77c	8	func_8011a77c	-	-	0	0	closed
8011a784	252	func_8011a784	-	graphics	0	0	open
8011a880	868	-	-	graphics	0	0	closed
8011abe4	216	func_8011abe4	-	graphics	0	0	closed
8011acbc	2264	-	-	graphics	0	19	open
8011b594	228	func_8011b594	-	graphics	0	0	closed
8011b678	144	func_8011b678	-	graphics	0	0	closed
8011b708	1404	func_8011b708	-	-	0	19	open
8011bc84	316	func_8011bc84	-	graphics	0	0	closed
8011bdc0	88	func_8011bdc0	-	-	0	0	closed
8011be18	344	func_8011be18	-	-	0	0	closed
8011bf70	1528	-	-	-	0	0	closed
8011c568	444	func_8011c568	-	-	0	0	closed
8011c724	1172	-	graphics	graphics	0	0	closed
8011cbb8	432	func_8011cbb8	-	graphics	0	0	closed
8011cd68	88	func_8011cd68	-	graphics	0	0	closed
8011cdc0	472	func_8011cdc0	-	-	0	0	closed
8011cf98	1568	-	-	-	0	0	closed
8011d5b8	404	func_8011d5b8	-	-	0	0	closed
8011d74c	1068	-	graphics	graphics	0	0	closed
8011db78	964	-	graphics	graphics	0	0	closed
8011df3c	1676	-	-	-	0	0	closed
8011e5c8	456	func_8011e5c8	-	-	0	0	closed
8011e790	392	func_8011e790	-	-	0	0	closed
8011e918	32	func_8011e918	disc	disc	0	0	closed
8011e938	88	func_8011e938	graphics,unidentified	graphics,unidentified	0	0	closed
8011e990	216	func_8011e990	graphics,unidentified	graphics,unidentified	0	0	closed
8011ea68	108	func_8011ea68	graphics,unidentified	graphics,unidentified	0	0	closed
8011ead4	8	func_8011ead4	-	-	0	0	closed
8011eadc	8	func_8011eadc	-	-	0	0	closed
8011eae4	48	func_8011eae4	-	graphics	0	0	closed
8011eb14	56	func_8011eb14	-	-	0	0	closed
8011eb4c	792	-	-	-	0	0	closed
8011ee64	156	func_8011ee64	-	-	0	0	closed
8011ef00	52	func_8011ef00	-	-	0	0	closed
8011ef34	84	func_8011ef34	-	-	0	0	closed
8011ef88	136	func_8011ef88	-	-	0	0	closed
8011f010	92	func_8011f010	-	-	0	0	closed
8011f06c	48	-	-	-	0	0	closed
8011f09c	76	func_8011f09c	-	-	0	0	closed
8011f0e8	100	func_8011f0e8	-	-	0	0	closed
8011f14c	148	func_8011f14c	-	-	0	0	closed
8011f1e0	96	func_8011f1e0	-	-	0	0	closed
8011f240	236	func_8011f240	-	-	0	0	closed
8011f32c	96	func_8011f32c	-	-	0	0	closed
8011f38c	120	func_8011f38c	-	-	0	0	closed
8011f404	44	func_8011f404	-	-	0	0	closed
8011f430	116	func_8011f430	-	-	0	0	closed
8011f4a4	96	func_8011f4a4	-	-	0	0	closed
8011f504	88	func_8011f504	-	-	0	0	closed
8011f55c	68	func_8011f55c	-	-	0	0	closed
8011f5a0	212	func_8011f5a0	-	-	0	0	open
8011f674	64	func_8011f674	-	-	1	0	open
8011f6b4	44	func_8011f6b4	-	-	0	0	closed
8011f6e0	44	func_8011f6e0	-	-	0	0	closed
8011f70c	104	func_8011f70c	-	-	0	0	closed
8011f774	116	func_8011f774	-	-	0	0	closed
8011f7e8	84	func_8011f7e8	-	-	0	0	closed
8011f83c	84	func_8011f83c	-	-	0	0	closed
8011f890	84	func_8011f890	-	-	0	0	closed
8011f8e4	48	func_8011f8e4	-	-	0	0	closed
8011f914	40	func_8011f914	-	-	0	0	closed
8011f93c	48	func_8011f93c	-	-	0	0	closed
8011f96c	40	func_8011f96c	-	-	0	0	closed
8011f994	140	func_8011f994	-	-	0	0	closed
8011fa20	48	func_8011fa20	-	-	0	0	closed
8011fa50	144	-	-	-	0	0	closed
8011fae0	144	func_8011fae0	-	-	0	0	closed
8011fb70	144	func_8011fb70	-	-	0	0	closed
8011fc00	84	func_8011fc00	-	graphics	0	0	closed
8011fc54	48	func_8011fc54	-	graphics	0	0	closed
8011fc84	60	func_8011fc84	-	graphics	0	0	closed
8011fcc0	384	func_8011fcc0	-	graphics	0	0	closed
8011fe40	136	func_8011fe40	-	-	0	0	closed
8011fec8	92	func_8011fec8	-	-	0	0	closed
8011ff24	80	func_8011ff24	-	-	0	0	closed
8011ff74	52	func_8011ff74	-	-	0	0	closed
8011ffa8	52	func_8011ffa8	-	-	0	0	closed
8011ffdc	76	func_8011ffdc	-	-	0	0	closed
80120028	56	func_80120028	-	-	0	0	closed
80120060	32	func_80120060	-	-	0	0	closed
80120080	112	func_80120080	-	-	0	0	closed
801200f0	60	func_801200f0	-	-	0	0	closed
8012012c	60	func_8012012c	-	-	0	0	closed
80120168	128	func_80120168	sound	disc,sound,system	0	0	open
801201e8	164	func_801201e8	sound,unidentified	disc,sound,unidentified	0	0	closed
8012028c	232	func_8012028c	sound,unidentified	sound,unidentified	0	0	closed
80120374	64	func_80120374	sound	disc,sound	0	0	closed
801203b4	84	func_801203b4	sound	sound	0	0	closed
80120408	60	func_80120408	sound	sound	0	0	closed
80120444	84	func_80120444	sound	sound	0	0	closed
80120498	92	func_80120498	sound	sound	0	0	closed
801204f4	96	func_801204f4	-	sound,unidentified	0	0	closed
80120554	112	func_80120554	-	sound,unidentified	0	0	closed
801205c4	64	func_801205c4	-	sound,unidentified	0	0	closed
80120604	952	-	sound,unidentified	sound,unidentified	0	0	closed
801209bc	8	func_801209bc	-	-	0	0	closed
801209c4	108	func_801209c4	-	sound,unidentified	0	0	closed
80120a30	200	func_80120a30	-	sound,unidentified	0	0	closed
80120af8	60	func_80120af8	-	sound,unidentified	0	0	closed
80120b34	224	func_80120b34	-	disc,sound,threads	0	0	open
80120c14	140	func_80120c14	-	-	0	0	closed
80120ca0	80	func_80120ca0	-	disc,sound	0	0	open
80120cf0	592	-	-	disc,sound	0	0	closed
80120f40	88	func_80120f40	-	-	0	0	closed
80120f98	108	func_80120f98	-	-	1	0	open
80121004	84	func_80121004	-	graphics	0	0	closed
80121058	388	func_80121058	-	disc,graphics,sound,system,threads,unidentified	0	4	open
801211dc	112	func_801211dc	-	disc,graphics,sound,system,threads,unidentified	0	1	open
8012124c	32	func_8012124c	-	-	0	1	open
8012126c	92	func_8012126c	-	disc,graphics,sound,system,threads,unidentified	0	1	open
801212c8	32	func_801212c8	-	-	0	1	open
801212e8	32	func_801212e8	-	-	0	1	open
80121308	112	func_80121308	-	disc,graphics,sound,system,threads,unidentified	0	0	closed
80121378	72	func_80121378	-	-	1	0	open
801213c0	704	func_801213c0	graphics	disc,graphics,sound,system,threads,unidentified	0	0	open
80121680	176	func_80121680	-	-	0	0	closed
80121730	80	func_80121730	-	graphics	0	0	open
80121780	84	func_80121780	-	-	0	1	open
801217d4	160	func_801217d4	-	graphics	1	2	open
80121874	136	func_80121874	-	graphics	0	0	closed
801218fc	360	func_801218fc	-	-	0	0	closed
80121a64	156	func_80121a64	-	-	0	0	closed
80121b00	192	func_80121b00	-	-	0	0	closed
80121bc0	140	func_80121bc0	-	-	0	0	closed
80121c4c	60	func_80121c4c	-	-	0	0	closed
80121c88	88	func_80121c88	-	-	0	0	closed
80121ce0	160	func_80121ce0	-	disc,sound,unidentified	0	0	closed
80121d80	68	func_80121d80	-	-	0	0	closed
80121dc4	300	func_80121dc4	-	graphics	0	0	closed
80121ef0	88	func_80121ef0	-	disc,graphics,sound,threads,unidentified	0	0	open
80121f48	44	func_80121f48	-	-	0	0	closed
80121f74	628	func_80121f74	-	disc,graphics,sound,unidentified	1	0	open
801221e8	72	func_801221e8	-	-	1	0	open
80122230	436	func_80122230	-	-	0	0	closed
801223e4	64	func_801223e4	-	-	0	0	closed
80122424	328	func_80122424	-	disc,sound,system	0	1	open
8012256c	104	func_8012256c	-	disc,sound,unidentified	0	0	closed
801225d4	92	func_801225d4	-	-	0	0	closed
80122630	420	func_80122630	-	-	0	0	closed
801227d4	480	func_801227d4	-	-	0	0	closed
801229b4	144	func_801229b4	-	-	0	0	closed
80122a44	80	func_80122a44	-	-	1	0	open
80122a94	168	func_80122a94	-	disc,sound,unidentified	0	0	closed
80122b3c	116	func_80122b3c	-	disc,sound,unidentified	0	0	closed
80122bb0	172	func_80122bb0	-	sound,unidentified	0	0	closed
80122c5c	308	func_80122c5c	-	sound,unidentified	0	0	closed
80122d90	196	func_80122d90	-	graphics,sound	0	0	open
80122e54	280	func_80122e54	-	graphics,sound	0	0	open
80122f6c	80	func_80122f6c	-	-	1	0	open
80122fbc	144	func_80122fbc	-	graphics,sound	0	0	open
8012304c	32	func_8012304c	-	-	0	0	closed
8012306c	288	func_8012306c	-	disc,sound,unidentified	0	0	open
8012318c	160	func_8012318c	-	-	0	0	open
8012322c	40	func_8012322c	-	-	0	0	closed
80123254	216	func_80123254	-	-	0	0	closed
8012332c	472	func_8012332c	-	graphics,sound	0	0	open
80123504	48	func_80123504	-	disc,sound,unidentified	0	0	closed
80123534	472	func_80123534	-	-	0	0	closed
8012370c	60	func_8012370c	-	-	0	0	closed
80123748	188	func_80123748	-	-	0	0	closed
80123804	240	func_80123804	-	disc,graphics,sound,system,threads,unidentified	0	1	open
801238f4	116	func_801238f4	-	-	0	1	open
80123968	100	func_80123968	-	-	0	0	closed
801239cc	152	func_801239cc	-	-	0	0	closed
80123a64	96	func_80123a64	-	disc,graphics,sound,system,threads,unidentified	0	0	open
80123ac4	92	func_80123ac4	-	-	0	0	closed
80123b20	44	func_80123b20	-	sound,unidentified	0	0	closed
80123b4c	60	func_80123b4c	-	-	0	0	closed
80123b88	76	func_80123b88	-	-	0	0	closed
80123bd4	312	func_80123bd4	-	-	0	0	closed
80123d0c	88	func_80123d0c	-	-	0	0	closed
80123d64	208	func_80123d64	-	-	0	0	closed
80123e34	324	func_80123e34	-	disc,sound,unidentified	0	0	closed
80123f78	420	func_80123f78	-	disc,sound,unidentified	0	0	closed
8012411c	188	func_8012411c	-	-	0	0	closed
801241d8	72	func_801241d8	-	-	1	0	open
80124220	228	func_80124220	-	disc,sound,unidentified	0	0	closed
80124304	928	-	-	graphics,sound,unidentified	0	0	closed
801246a4	40	func_801246a4	-	-	0	0	closed
801246cc	944	func_801246cc	-	sound,unidentified	0	0	closed
80124a7c	108	func_80124a7c	-	-	0	0	closed
80124ae8	40	func_80124ae8	-	-	0	0	closed
80124b10	172	func_80124b10	-	graphics	0	0	open
80124bbc	436	func_80124bbc	-	sound,unidentified	0	0	closed
80124d70	348	func_80124d70	-	sound,unidentified	0	0	closed
80124ecc	404	func_80124ecc	-	disc,graphics,sound,threads,unidentified	0	0	open
80125060	96	func_80125060	-	-	0	0	closed
801250c0	76	func_801250c0	-	-	0	0	closed
8012510c	56	func_8012510c	-	-	0	0	closed
80125144	292	func_80125144	-	-	0	0	closed
80125268	136	func_80125268	-	-	0	0	closed
801252f0	164	func_801252f0	-	-	0	0	closed
80125394	168	func_80125394	-	-	0	0	closed
8012543c	24	func_8012543c	-	-	0	0	closed
80125454	24	func_80125454	-	-	0	0	closed
8012546c	136	func_8012546c	-	-	1	0	open
801254f4	400	-	-	-	0	0	closed
80125684	168	func_80125684	-	-	0	0	closed
8012572c	8	func_8012572c	-	-	0	0	closed
80125734	148	func_80125734	-	-	0	0	closed
801257c8	8	func_801257c8	-	-	0	0	closed
801257d0	36	func_801257d0	-	-	0	0	closed
801257f4	324	func_801257f4	-	-	0	0	closed
80125938	112	func_80125938	-	-	0	0	closed
801259a8	340	func_801259a8	-	-	0	0	closed
80125afc	28	func_80125afc	-	-	0	0	closed
80125b18	28	func_80125b18	-	-	0	0	closed
80125b34	76	func_80125b34	-	-	0	0	closed
80125b80	576	func_80125b80	-	-	0	0	closed
80125dc0	412	func_80125dc0	-	-	0	0	closed
80125f5c	336	func_80125f5c	-	-	0	0	closed
801260ac	132	func_801260ac	-	-	0	0	closed
80126130	276	func_80126130	-	-	0	0	closed
80126244	184	func_80126244	-	-	0	0	closed
801262fc	220	func_801262fc	-	-	0	0	closed
801263d8	252	func_801263d8	-	-	0	0	closed
801264d4	136	func_801264d4	-	threads	0	0	open
8012655c	80	func_8012655c	-	-	1	0	open
801265ac	88	func_801265ac	-	-	0	0	closed
80126604	20	func_80126604	-	-	0	0	closed
80126618	8	func_80126618	-	-	0	0	closed
80126620	120	func_80126620	-	sound	0	0	closed
80126698	48	func_80126698	-	-	0	0	closed
801266c8	144	func_801266c8	-	sound	0	0	closed
80126758	32	func_80126758	-	sound	0	0	closed
80126778	96	func_80126778	-	sound	0	0	closed
801267d8	192	func_801267d8	-	sound	0	0	closed
80126898	100	func_80126898	-	-	0	0	closed
801268fc	52	func_801268fc	-	-	0	0	closed
80126930	176	func_80126930	-	-	0	0	closed
801269e0	32	func_801269e0	-	-	0	0	closed
80126a00	220	func_80126a00	-	-	0	0	closed
80126adc	176	func_80126adc	-	sound	0	0	closed
80126b8c	64	func_80126b8c	-	-	0	0	closed
80126bcc	260	func_80126bcc	-	sound	0	0	closed
80126cd0	152	func_80126cd0	-	-	0	0	closed
80126d68	128	func_80126d68	-	-	0	0	closed
80126de8	140	func_80126de8	-	-	0	0	closed
80126e74	36	func_80126e74	-	-	0	0	closed
80126e98	100	func_80126e98	-	-	0	0	closed
80126efc	88	func_80126efc	-	-	0	0	closed
80126f54	64	func_80126f54	-	-	0	0	open
80126f94	96	func_80126f94	-	-	1	0	open
80126ff4	56	func_80126ff4	-	-	0	0	closed
8012702c	120	func_8012702c	-	-	0	0	closed
801270a4	156	func_801270a4	-	-	0	0	closed
80127140	72	func_80127140	-	-	0	0	closed
80127188	160	func_80127188	-	system,threads	1	0	open
80127228	80	func_80127228	-	-	0	0	closed
80127278	88	func_80127278	-	-	0	0	closed
801272d0	88	func_801272d0	-	-	0	0	closed
80127328	104	func_80127328	-	-	0	0	closed
80127390	72	func_80127390	-	-	0	0	closed
801273d8	84	func_801273d8	-	-	0	0	closed
8012742c	72	func_8012742c	-	-	0	0	closed
80127474	84	func_80127474	-	-	0	0	closed
801274c8	72	func_801274c8	-	-	0	0	closed
80127510	84	func_80127510	-	-	0	0	closed
80127564	72	func_80127564	-	-	0	0	closed
801275ac	84	func_801275ac	-	-	0	0	closed
80127600	72	func_80127600	-	-	0	0	closed
80127648	84	func_80127648	-	-	0	0	closed
8012769c	104	func_8012769c	-	-	0	0	closed
80127704	72	func_80127704	-	-	0	0	closed
8012774c	84	func_8012774c	-	-	0	0	closed
801277a0	72	func_801277a0	-	-	0	0	closed
801277e8	84	func_801277e8	-	-	0	0	closed
8012783c	72	func_8012783c	-	-	0	0	closed
80127884	84	func_80127884	-	-	0	0	closed
801278d8	72	func_801278d8	-	-	0	0	closed
80127920	84	func_80127920	-	-	0	0	closed
80127974	72	func_80127974	-	-	0	0	closed
801279bc	84	func_801279bc	-	-	0	0	closed
80127a10	180	func_80127a10	-	-	0	0	closed
80127ac4	180	func_80127ac4	-	-	0	0	closed
80127b78	176	func_80127b78	-	-	0	0	closed
80127c28	176	func_80127c28	-	-	0	0	closed
80127cd8	1048	func_80127cd8	-	-	0	0	closed
801280f0	156	func_801280f0	-	graphics,system,threads,unidentified	0	0	closed
8012818c	160	func_8012818c	-	graphics,system,threads,unidentified	0	0	closed
8012822c	84	func_8012822c	-	graphics,system,threads,unidentified	0	0	closed
80128280	84	func_80128280	-	graphics,system,threads,unidentified	0	0	closed
801282d4	156	func_801282d4	-	graphics,system,threads,unidentified	0	0	closed
80128370	160	func_80128370	-	graphics,system,threads,unidentified	0	0	closed
80128410	84	func_80128410	-	graphics,system,threads,unidentified	0	0	closed
80128464	140	func_80128464	-	graphics,system,threads,unidentified	0	0	closed
801284f0	156	func_801284f0	-	graphics,system,threads,unidentified	0	0	closed
8012858c	84	func_8012858c	-	graphics,system,threads,unidentified	0	0	closed
801285e0	156	func_801285e0	-	-	0	0	closed
8012867c	252	func_8012867c	-	-	0	0	closed
80128778	156	func_80128778	-	-	0	0	closed
80128814	356	func_80128814	-	-	0	0	closed
80128978	432	func_80128978	-	sound,unidentified	0	0	open
80128b28	144	func_80128b28	-	sound,unidentified	0	0	open
80128bb8	144	func_80128bb8	-	sound,unidentified	0	0	open
80128c48	56	func_80128c48	-	-	0	0	closed
80128c80	136	func_80128c80	-	-	0	0	closed
80128d08	80	func_80128d08	-	-	0	0	closed
80128d58	76	func_80128d58	-	-	0	0	closed
80128da4	120	func_80128da4	-	-	0	0	closed
80128e1c	56	func_80128e1c	-	sound,unidentified	0	0	open
80128e54	40	func_80128e54	-	sound,unidentified	0	0	open
80128e7c	56	func_80128e7c	-	sound,unidentified	0	0	open
80128eb4	40	func_80128eb4	-	sound,unidentified	0	0	open
80128edc	232	func_80128edc	-	sound,unidentified	0	0	open
80128fc4	84	func_80128fc4	-	sound,unidentified	1	0	open
80129018	8	func_80129018	-	-	0	0	closed
80129020	948	reset_object	-	graphics	1	0	open
801293d4	84	func_801293d4	-	-	0	0	closed
80129428	32	func_80129428	-	graphics	0	0	closed
80129448	32	func_80129448	-	-	0	0	closed
80129468	528	func_80129468	-	sound,unidentified	1	0	open
80129678	320	func_80129678	-	sound,unidentified	0	0	closed
801297b8	536	func_801297b8	-	sound,unidentified	0	0	closed
801299d0	40	func_801299d0	-	-	0	0	closed
801299f8	368	func_801299f8	-	-	1	0	open
80129b68	40	func_80129b68	-	-	0	0	closed
80129b90	40	func_80129b90	-	-	0	0	closed
80129bb8	40	func_80129bb8	-	-	0	0	closed
80129be0	40	func_80129be0	-	-	0	0	closed
80129c08	56	func_80129c08	-	-	0	0	closed
80129c40	40	func_80129c40	-	-	0	0	closed
80129c68	40	func_80129c68	-	-	0	0	closed
80129c90	132	func_80129c90	-	-	1	0	open
80129d14	148	func_80129d14	-	-	0	0	open
80129da8	472	func_80129da8	-	-	0	0	open
80129f80	392	func_80129f80	-	-	0	0	open
8012a108	76	func_8012a108	-	-	0	0	closed
8012a154	64	func_8012a154	-	-	1	0	open
8012a194	80	func_8012a194	-	-	0	0	open
8012a1e4	448	func_8012a1e4	-	-	0	0	open
8012a3a4	80	func_8012a3a4	-	-	0	0	open
8012a3f4	440	func_8012a3f4	-	-	0	0	open
8012a5ac	64	func_8012a5ac	-	-	1	0	open
8012a5ec	152	func_8012a5ec	-	-	0	0	open
8012a684	384	func_8012a684	-	-	0	0	open
8012a804	216	func_8012a804	-	-	0	0	open
8012a8dc	64	func_8012a8dc	-	-	1	0	open
8012a91c	132	func_8012a91c	-	-	0	0	closed
8012a9a0	444	func_8012a9a0	-	sound,unidentified	0	0	open
8012ab5c	148	func_8012ab5c	-	sound,unidentified	0	0	open
8012abf0	260	func_8012abf0	-	-	0	0	open
8012acf4	268	func_8012acf4	-	sound,unidentified	0	0	open
8012ae00	248	func_8012ae00	-	sound,unidentified	0	0	open
8012aef8	100	func_8012aef8	-	-	0	0	open
8012af5c	200	func_8012af5c	-	-	0	0	closed
8012b024	192	func_8012b024	-	sound,unidentified	0	0	closed
8012b0e4	96	func_8012b0e4	-	-	0	0	closed
8012b144	64	func_8012b144	-	-	1	0	open
8012b184	320	func_8012b184	-	-	0	0	open
8012b2c4	96	func_8012b2c4	-	-	0	0	open
8012b324	312	func_8012b324	-	-	0	0	open
8012b45c	308	func_8012b45c	-	-	2	0	open
8012b590	152	func_8012b590	-	-	1	0	open
8012b628	400	func_8012b628	-	-	0	0	open
8012b7b8	292	func_8012b7b8	-	-	0	0	open
8012b8dc	420	func_8012b8dc	-	-	0	0	open
8012ba80	300	func_8012ba80	-	-	0	0	open
8012bbac	120	func_8012bbac	-	-	0	0	closed
8012bc24	156	func_8012bc24	-	-	1	0	open
8012bcc0	64	func_8012bcc0	-	-	1	0	open
8012bd00	368	func_8012bd00	-	sound,unidentified	0	0	open
8012be70	80	func_8012be70	-	-	0	0	closed
8012bec0	64	func_8012bec0	-	-	0	0	closed
8012bf00	76	func_8012bf00	-	-	0	0	closed
8012bf4c	40	func_8012bf4c	-	-	0	0	closed
8012bf74	248	func_8012bf74	-	sound,unidentified	0	0	open
8012c06c	84	func_8012c06c	-	-	1	0	open
8012c0c0	64	func_8012c0c0	-	-	1	0	open
8012c100	916	func_8012c100	-	graphics,sound,unidentified	0	0	open
8012c494	312	func_8012c494	-	graphics,sound,unidentified	0	0	open
8012c5cc	216	func_8012c5cc	-	graphics	0	0	open
8012c6a4	136	func_8012c6a4	-	graphics	0	0	open
8012c72c	136	func_8012c72c	-	graphics	0	0	open
8012c7b4	232	func_8012c7b4	-	graphics	0	0	open
8012c89c	144	func_8012c89c	-	graphics	0	0	open
8012c92c	100	func_8012c92c	-	graphics	0	0	open
8012c990	116	func_8012c990	-	graphics,sound,unidentified	0	0	closed
8012ca04	196	func_8012ca04	-	graphics,sound,unidentified	0	0	open
8012cac8	116	func_8012cac8	-	graphics,sound,unidentified	0	0	closed
8012cb3c	196	func_8012cb3c	-	graphics,sound,unidentified	0	0	open
8012cc00	108	func_8012cc00	-	graphics	0	0	open
8012cc6c	60	func_8012cc6c	-	-	0	0	closed
8012cca8	436	func_8012cca8	-	graphics	0	0	open
8012ce5c	64	func_8012ce5c	-	-	1	0	open
8012ce9c	64	func_8012ce9c	-	-	1	0	open
8012cedc	64	func_8012cedc	-	graphics,sound,unidentified	0	0	open
8012cf1c	276	func_8012cf1c	-	graphics,sound,unidentified	0	0	open
8012d030	84	func_8012d030	-	-	0	0	closed
8012d084	56	func_8012d084	-	-	0	0	closed
8012d0bc	36	func_8012d0bc	-	sound,unidentified	0	0	closed
8012d0e0	36	func_8012d0e0	-	sound,unidentified	0	0	closed
8012d104	64	func_8012d104	-	-	1	0	open
8012d144	44	func_8012d144	-	sound,unidentified	0	0	open
8012d170	244	func_8012d170	-	sound,unidentified	0	0	open
8012d264	72	func_8012d264	-	-	0	0	closed
8012d2ac	100	func_8012d2ac	-	sound,unidentified	0	0	open
8012d310	132	func_8012d310	-	-	0	0	closed
8012d394	84	func_8012d394	-	-	0	0	closed
8012d3e8	64	func_8012d3e8	-	-	1	0	open
8012d428	188	func_8012d428	-	graphics,sound,unidentified	0	0	open
8012d4e4	412	func_8012d4e4	-	graphics,sound,unidentified	0	0	closed
8012d680	356	func_8012d680	-	-	0	0	closed
8012d7e4	300	func_8012d7e4	-	-	0	0	closed
8012d910	164	func_8012d910	-	sound,unidentified	0	0	closed
8012d9b4	120	func_8012d9b4	-	-	0	0	closed
8012da2c	424	func_8012da2c	-	sound,unidentified	0	0	closed
8012dbd4	132	func_8012dbd4	-	sound,unidentified	0	0	closed
8012dc58	168	func_8012dc58	-	-	0	0	closed
8012dd00	92	func_8012dd00	-	-	0	0	closed
8012dd5c	136	func_8012dd5c	-	-	0	0	open
8012dde4	120	func_8012dde4	-	-	0	0	open
8012de5c	64	func_8012de5c	-	-	1	0	open
8012de9c	72	func_8012de9c	-	-	0	0	closed
8012dee4	96	func_8012dee4	-	sound,unidentified	0	0	closed
8012df44	200	func_8012df44	-	sound,unidentified	0	0	closed
8012e00c	64	func_8012e00c	-	-	1	0	open
8012e04c	176	func_8012e04c	-	-	0	0	closed
8012e0fc	64	func_8012e0fc	-	-	1	0	open
8012e13c	44	func_8012e13c	-	sound,unidentified	0	0	open
8012e168	252	func_8012e168	-	sound,unidentified	0	0	open
8012e264	208	func_8012e264	-	sound,unidentified	0	0	open
8012e334	88	func_8012e334	-	-	0	0	closed
8012e38c	312	func_8012e38c	-	-	0	0	open
8012e4c4	140	func_8012e4c4	-	-	0	0	open
8012e550	176	func_8012e550	-	-	1	0	open
8012e600	648	func_8012e600	-	-	0	0	closed
8012e888	76	func_8012e888	-	-	1	0	open
8012e8d4	176	func_8012e8d4	-	-	2	0	open
8012e984	64	func_8012e984	-	-	1	0	open
8012e9c4	52	func_8012e9c4	-	-	0	0	closed
8012e9f8	72	func_8012e9f8	-	-	0	0	closed
8012ea40	84	func_8012ea40	-	-	0	0	closed
8012ea94	96	func_8012ea94	-	-	0	0	closed
8012eaf4	36	func_8012eaf4	-	-	0	0	closed
8012eb18	228	func_8012eb18	-	-	2	0	open
8012ebfc	84	func_8012ebfc	-	-	1	0	open
8012ec50	348	func_8012ec50	-	graphics,sound,unidentified	0	0	closed
8012edac	144	func_8012edac	-	-	0	0	open
8012ee3c	64	func_8012ee3c	-	-	0	0	closed
8012ee7c	168	func_8012ee7c	-	-	0	0	closed
8012ef24	128	func_8012ef24	-	-	0	0	closed
8012efa4	40	func_8012efa4	-	-	0	0	closed
8012efcc	24	func_8012efcc	-	-	0	0	closed
8012efe4	20	func_8012efe4	-	-	0	0	closed
8012eff8	232	func_8012eff8	-	-	0	0	closed
8012f0e0	216	func_8012f0e0	-	-	0	0	closed
8012f1b8	120	func_8012f1b8	-	-	0	0	closed
8012f230	136	func_8012f230	-	-	0	0	closed
8012f2b8	204	func_8012f2b8	-	-	0	0	closed
8012f384	92	func_8012f384	-	sound,unidentified	0	0	closed
8012f3e0	40	func_8012f3e0	-	-	0	0	closed
8012f408	212	func_8012f408	-	-	0	0	closed
8012f4dc	144	func_8012f4dc	-	-	0	0	closed
8012f56c	48	func_8012f56c	-	-	0	0	closed
8012f59c	80	func_8012f59c	-	-	0	0	closed
8012f5ec	44	func_8012f5ec	-	-	0	0	closed
8012f618	136	func_8012f618	-	-	0	0	closed
8012f6a0	56	func_8012f6a0	-	-	0	0	closed
8012f6d8	172	func_8012f6d8	-	-	0	0	closed
8012f784	60	func_8012f784	-	-	0	0	closed
8012f7c0	64	func_8012f7c0	-	-	0	0	closed
8012f800	56	func_8012f800	-	-	0	0	closed
8012f838	96	func_8012f838	-	-	0	0	closed
8012f898	44	func_8012f898	-	-	0	0	closed
8012f8c4	172	func_8012f8c4	-	-	0	0	closed
8012f970	64	func_8012f970	-	-	0	0	closed
8012f9b0	328	-	-	-	0	0	closed
8012faf8	648	func_8012faf8	-	-	0	0	closed
8012fd80	224	-	-	-	0	0	closed
8012fe60	288	func_8012fe60	-	-	0	0	closed
8012ff80	184	func_8012ff80	-	-	0	0	closed
80130038	80	func_80130038	-	-	0	0	closed
80130088	252	func_80130088	-	-	0	0	closed
80130184	84	func_80130184	-	-	0	0	closed
801301d8	128	func_801301d8	-	-	0	0	closed
80130258	40	func_80130258	-	-	0	0	closed
80130280	132	func_80130280	-	-	0	0	closed
80130304	156	func_80130304	-	-	1	0	open
801303a0	208	func_801303a0	-	sound,unidentified	1	0	open
80130470	12	func_80130470	-	-	0	0	closed
8013047c	136	func_8013047c	-	-	0	0	open
80130504	72	func_80130504	-	-	0	0	closed
8013054c	192	func_8013054c	-	-	0	0	closed
8013060c	108	func_8013060c	-	-	1	0	open
80130678	136	func_80130678	-	-	0	0	closed
80130700	104	func_80130700	-	-	0	0	closed
80130768	120	func_80130768	-	-	0	0	closed
801307e0	228	func_801307e0	-	-	0	0	closed
801308c4	196	func_801308c4	-	-	0	0	closed
80130988	180	select_box_tables	-	-	0	0	closed
80130a3c	156	init_table_fields	-	-	0	0	closed
80130ad8	24	set_start_position	-	-	0	0	closed
80130af0	32	set_side_field_0d	-	-	0	0	closed
80130b10	368	func_80130b10	-	-	0	0	closed
80130c80	320	func_80130c80	-	-	0	0	closed
80130dc0	256	func_80130dc0	-	sound,unidentified	0	0	closed
80130ec0	60	func_80130ec0	-	-	0	0	closed
80130efc	48	func_80130efc	-	-	0	0	closed
80130f2c	244	func_80130f2c	-	-	0	0	closed
80131020	116	func_80131020	-	-	0	0	closed
80131094	276	func_80131094	-	-	0	0	closed
801311a8	272	func_801311a8	-	-	0	0	closed
801312b8	180	func_801312b8	-	-	0	0	open
8013136c	80	func_8013136c	-	-	0	0	open
801313bc	172	func_801313bc	-	-	0	0	closed
80131468	180	func_80131468	-	-	0	0	open
8013151c	284	func_8013151c	-	-	0	0	closed
80131638	244	func_80131638	-	-	0	0	open
8013172c	296	-	-	-	0	0	closed
80131854	608	func_80131854	-	-	0	0	closed
80131ab4	456	-	-	-	0	0	closed
80131c7c	236	func_80131c7c	-	-	0	0	closed
80131d68	144	func_80131d68	-	-	0	0	closed
80131df8	144	func_80131df8	-	-	0	0	closed
80131e88	244	func_80131e88	-	-	0	0	closed
80131f7c	244	swap_kind	-	-	0	3	open
80132070	120	func_80132070	-	-	0	0	closed
801320e8	88	func_801320e8	-	-	0	0	closed
80132140	88	func_80132140	-	-	0	0	closed
80132198	80	func_80132198	-	-	0	0	closed
801321e8	392	func_801321e8	-	sound,unidentified	0	0	closed
80132370	236	func_80132370	-	-	1	0	open
8013245c	1748	-	graphics	graphics	0	0	closed
80132b30	448	func_80132b30	-	graphics	0	0	closed
80132cf0	404	func_80132cf0	-	graphics	0	0	closed
80132e84	268	func_80132e84	-	sound,unidentified	0	0	closed
80132f90	376	func_80132f90	-	-	0	0	closed
80133108	1432	func_80133108	-	-	0	0	closed
801336a0	424	func_801336a0	-	-	0	0	closed
80133848	1452	func_80133848	-	-	0	0	closed
80133df4	220	func_80133df4	-	-	0	0	closed
80133ed0	264	func_80133ed0	-	-	0	0	closed
80133fd8	268	func_80133fd8	-	-	0	0	closed
801340e4	56	func_801340e4	-	-	0	0	closed
8013411c	56	func_8013411c	-	-	0	0	closed
80134154	112	func_80134154	-	-	0	0	closed
801341c4	112	func_801341c4	-	-	0	0	closed
80134234	1008	-	graphics	graphics	0	0	open
80134624	400	func_80134624	graphics	graphics	0	0	closed
801347b4	1760	-	graphics	graphics	0	0	closed
80134e94	556	func_80134e94	-	-	0	0	closed
801350c0	1944	func_801350c0	-	-	0	0	closed
80135858	440	func_80135858	-	-	0	0	closed
80135a10	508	-	-	sound,unidentified	0	0	closed
80135c0c	116	func_80135c0c	-	-	0	0	closed
80135c80	8	func_80135c80	-	-	0	0	closed
80135c88	616	func_80135c88	-	-	0	0	closed
80135ef0	284	func_80135ef0	-	-	1	0	open
8013600c	48	func_8013600c	-	-	0	0	open
8013603c	48	func_8013603c	-	-	0	0	open
8013606c	180	func_8013606c	-	-	1	0	open
80136120	96	func_80136120	-	-	0	0	closed
80136180	36	func_80136180	-	-	0	0	closed
801361a4	88	func_801361a4	-	-	0	0	closed
801361fc	148	func_801361fc	-	-	0	0	closed
80136290	100	func_80136290	-	-	1	0	open
801362f4	104	func_801362f4	-	-	0	0	closed
8013635c	80	func_8013635c	-	-	0	0	closed
801363ac	88	func_801363ac	-	-	0	0	closed
80136404	156	func_80136404	-	-	0	0	closed
801364a0	456	-	-	-	0	0	closed
80136668	108	func_80136668	-	-	0	0	closed
801366d4	112	func_801366d4	-	-	0	0	closed
80136744	340	-	-	-	0	0	closed
80136898	20	func_80136898	-	-	0	0	closed
801368ac	20	func_801368ac	-	-	0	0	closed
801368c0	60	func_801368c0	-	-	0	0	closed
801368fc	180	func_801368fc	-	-	1	0	open
801369b0	36	func_801369b0	-	-	0	0	closed
801369d4	88	func_801369d4	-	-	0	0	closed
80136a2c	144	func_80136a2c	-	-	0	0	closed
80136abc	120	func_80136abc	-	-	0	0	open
80136b34	44	func_80136b34	-	-	0	0	open
80136b60	96	func_80136b60	-	-	1	0	open
80136bc0	204	func_80136bc0	-	-	1	0	open
80136c8c	64	func_80136c8c	-	-	1	0	open
80136ccc	80	func_80136ccc	-	-	1	0	open
80136d1c	84	func_80136d1c	graphics	graphics	0	0	closed
80136d70	84	func_80136d70	graphics	graphics	0	0	closed
80136dc4	56	func_80136dc4	-	graphics	0	0	closed
80136dfc	108	func_80136dfc	-	graphics	0	0	closed
80136e68	40	func_80136e68	-	graphics	0	0	closed
80136e90	64	func_80136e90	-	graphics	0	0	closed
80136ed0	64	func_80136ed0	-	graphics	0	0	closed
80136f10	128	func_80136f10	graphics	graphics	0	0	closed
80136f90	108	func_80136f90	graphics	graphics	0	0	closed
80136ffc	8	func_80136ffc	-	-	0	0	closed
80137004	108	func_80137004	graphics	graphics	0	0	closed
80137070	108	func_80137070	graphics	graphics	0	0	closed
801370dc	108	func_801370dc	graphics	graphics	0	0	closed
80137148	108	func_80137148	graphics	graphics	0	0	closed
801371b4	108	func_801371b4	graphics	graphics	0	0	closed
80137220	168	func_80137220	-	-	0	0	closed
801372c8	156	func_801372c8	-	-	0	0	closed
80137364	132	func_80137364	graphics	graphics	0	0	closed
801373e8	216	func_801373e8	-	-	0	0	closed
801374c0	164	func_801374c0	-	-	0	0	closed
80137564	220	func_80137564	-	-	0	0	closed
80137640	120	func_80137640	graphics	graphics	0	0	closed
801376b8	436	func_801376b8	graphics	graphics	0	0	closed
8013786c	32	func_8013786c	-	-	0	0	closed
8013788c	76	func_8013788c	-	graphics	0	0	closed
801378d8	228	func_801378d8	graphics	graphics	0	0	closed
801379bc	340	func_801379bc	graphics	graphics	0	0	closed
80137b10	84	func_80137b10	-	-	0	0	closed
80137b64	124	func_80137b64	-	-	0	0	closed
80137be0	116	func_80137be0	-	-	1	0	open
80137c54	52	func_80137c54	-	-	0	0	closed
80137c88	56	func_80137c88	-	-	0	0	closed
80137cc0	136	func_80137cc0	-	-	1	0	open
80137d48	52	func_80137d48	-	-	0	0	closed
80137d7c	76	func_80137d7c	-	-	0	0	closed
80137dc8	112	func_80137dc8	-	-	1	0	open
80137e38	92	func_80137e38	-	-	0	0	open
80137e94	108	func_80137e94	-	-	0	0	closed
80137f00	112	func_80137f00	-	-	1	0	open
80137f70	116	func_80137f70	-	-	0	0	open
80137fe4	140	func_80137fe4	-	-	0	0	closed
80138070	128	func_80138070	-	-	0	0	closed
801380f0	84	func_801380f0	-	-	0	2	open
80138144	32	func_80138144	-	-	0	0	closed
80138164	300	func_80138164	-	-	1	0	open
80138290	200	func_80138290	-	-	1	0	open
80138358	68	func_80138358	-	-	0	0	closed
8013839c	116	func_8013839c	-	-	0	0	closed
80138410	180	func_80138410	-	-	0	0	closed
801384c4	196	func_801384c4	-	-	0	0	closed
80138588	24	func_80138588	-	-	0	0	closed
801385a0	108	func_801385a0	-	-	0	0	closed
8013860c	28	func_8013860c	-	-	0	0	closed
80138628	124	func_80138628	-	-	0	0	closed
801386a4	76	func_801386a4	-	-	0	0	closed
801386f0	208	func_801386f0	-	-	0	0	closed
801387c0	120	func_801387c0	-	-	0	0	closed
80138838	52	func_80138838	-	-	0	0	closed
8013886c	60	func_8013886c	-	-	0	0	closed
801388a8	188	func_801388a8	-	-	0	0	closed
80138964	356	func_80138964	-	-	0	0	closed
80138ac8	32	func_80138ac8	-	-	0	0	closed
80138ae8	80	func_80138ae8	-	-	0	0	closed
80138b38	92	func_80138b38	-	-	0	0	closed
80138b94	80	func_80138b94	-	-	0	0	closed
80138be4	148	func_80138be4	-	-	0	0	closed
80138c78	32	func_80138c78	-	-	0	0	closed
80138c98	72	func_80138c98	-	-	0	0	closed
80138ce0	144	func_80138ce0	-	-	0	0	closed
80138d70	340	-	-	-	0	0	closed
80138ec4	176	func_80138ec4	-	sound,unidentified	0	0	open
80138f74	184	func_80138f74	-	sound,unidentified	0	0	open
8013902c	728	-	-	-	0	0	closed
80139304	520	func_80139304	-	sound,unidentified	0	0	open
8013950c	236	func_8013950c	-	-	0	0	closed
801395f8	236	func_801395f8	-	-	0	0	closed
801396e4	236	func_801396e4	-	-	0	0	closed
801397d0	344	-	-	-	0	0	closed
80139928	244	-	-	-	0	0	closed
80139a1c	92	func_80139a1c	-	-	0	0	closed
80139a78	652	func_80139a78	-	-	0	0	open
80139d04	72	func_80139d04	-	-	1	0	open
80139d4c	112	func_80139d4c	-	-	0	0	open
80139dbc	160	func_80139dbc	-	-	0	0	closed
80139e5c	88	func_80139e5c	-	-	0	0	closed
80139eb4	160	func_80139eb4	-	sound,unidentified	0	0	open
80139f54	48	func_80139f54	-	-	0	0	closed
80139f84	204	func_80139f84	-	-	0	0	closed
8013a050	116	func_8013a050	-	-	0	0	closed
8013a0c4	144	func_8013a0c4	-	-	0	0	open
8013a154	176	func_8013a154	-	-	1	0	open
8013a204	88	func_8013a204	-	-	0	0	closed
8013a25c	72	func_8013a25c	-	-	0	0	closed
8013a2a4	124	func_8013a2a4	-	-	0	0	closed
8013a320	48	func_8013a320	-	-	0	0	closed
8013a350	88	func_8013a350	-	-	0	0	closed
8013a3a8	2436	-	-	sound,unidentified	0	0	open
8013ad2c	56	func_8013ad2c	-	-	0	0	closed
8013ad64	64	func_8013ad64	-	-	1	0	open
8013ada4	28	func_8013ada4	-	-	0	0	closed
8013adc0	28	func_8013adc0	-	-	0	0	closed
8013addc	28	func_8013addc	-	-	0	0	closed
8013adf8	8	func_8013adf8	-	-	0	0	closed
8013ae00	284	func_8013ae00	-	sound,unidentified	0	0	closed
8013af1c	136	func_8013af1c	-	sound,unidentified	0	0	closed
8013afa4	96	func_8013afa4	-	sound,unidentified	0	0	closed
8013b004	96	func_8013b004	-	sound,unidentified	0	0	closed
8013b064	96	func_8013b064	-	sound,unidentified	0	0	closed
8013b0c4	1172	-	-	sound,unidentified	0	0	closed
8013b558	608	-	-	-	0	0	open
8013b7b8	108	func_8013b7b8	-	-	1	0	open
8013b824	344	func_8013b824	-	-	0	0	closed
8013b97c	100	func_8013b97c	-	-	0	0	closed
8013b9e0	484	func_8013b9e0	-	-	0	0	closed
8013bbc4	160	func_8013bbc4	-	-	0	0	closed
8013bc64	172	func_8013bc64	-	-	0	0	closed
8013bd10	228	func_8013bd10	-	-	0	0	closed
8013bdf4	432	func_8013bdf4	-	-	0	0	closed
8013bfa4	1800	-	-	sound,unidentified	0	0	open
8013c6ac	708	-	-	-	0	0	closed
8013c970	204	func_8013c970	-	-	0	0	closed
8013ca3c	140	func_8013ca3c	-	sound,unidentified	0	0	closed
8013cac8	40	func_8013cac8	-	-	0	0	open
8013caf0	128	func_8013caf0	-	-	0	0	open
8013cb70	108	func_8013cb70	-	-	0	0	open
8013cbdc	108	func_8013cbdc	-	-	0	0	open
8013cc48	108	func_8013cc48	-	-	0	0	open
8013ccb4	40	func_8013ccb4	-	-	0	0	open
8013ccdc	128	func_8013ccdc	-	-	0	0	open
8013cd5c	108	func_8013cd5c	-	-	0	0	open
8013cdc8	40	func_8013cdc8	-	-	0	0	open
8013cdf0	108	func_8013cdf0	-	-	0	0	open
8013ce5c	108	func_8013ce5c	-	-	0	0	open
8013cec8	108	func_8013cec8	-	-	0	0	open
8013cf34	128	func_8013cf34	-	-	0	0	open
8013cfb4	40	func_8013cfb4	-	-	0	0	open
8013cfdc	40	func_8013cfdc	-	-	0	0	open
8013d004	52	func_8013d004	-	-	0	0	closed
8013d038	52	func_8013d038	-	-	0	0	closed
8013d06c	52	func_8013d06c	-	-	0	0	closed
8013d0a0	40	func_8013d0a0	-	-	0	0	closed
8013d0c8	52	func_8013d0c8	-	-	0	0	closed
8013d0fc	52	func_8013d0fc	-	-	0	0	closed
8013d130	40	func_8013d130	-	-	0	0	open
8013d158	40	func_8013d158	-	-	0	0	open
8013d180	40	func_8013d180	-	-	0	0	open
8013d1a8	104	func_8013d1a8	-	-	0	0	closed
8013d210	12	func_8013d210	-	-	0	0	closed
8013d21c	84	func_8013d21c	-	-	1	0	open
8013d270	232	func_8013d270	-	-	0	0	closed
8013d358	192	func_8013d358	-	-	0	0	closed
8013d418	180	func_8013d418	-	-	0	0	closed
8013d4cc	84	func_8013d4cc	-	-	1	0	open
8013d520	316	func_8013d520	-	-	0	0	closed
8013d65c	472	func_8013d65c	-	-	0	0	closed
8013d834	412	func_8013d834	-	-	0	0	closed
8013d9d0	376	func_8013d9d0	-	-	0	0	closed
8013db48	408	-	-	-	0	0	closed
8013dce0	172	func_8013dce0	-	-	0	0	closed
8013dd8c	160	func_8013dd8c	-	-	0	0	closed
8013de2c	84	func_8013de2c	-	-	1	0	open
8013de80	232	func_8013de80	-	-	0	0	closed
8013df68	192	func_8013df68	-	-	0	0	closed
8013e028	360	-	-	-	0	0	closed
8013e190	84	func_8013e190	-	-	1	0	open
8013e1e4	204	-	-	-	0	0	closed
8013e2b0	260	func_8013e2b0	-	-	0	0	closed
8013e3b4	84	func_8013e3b4	-	-	1	0	open
8013e408	160	func_8013e408	-	-	0	0	closed
8013e4a8	204	func_8013e4a8	-	-	0	0	closed
8013e574	84	func_8013e574	-	-	1	0	open
8013e5c8	108	func_8013e5c8	-	-	0	0	closed
8013e634	220	func_8013e634	-	-	0	0	closed
8013e710	224	func_8013e710	-	-	0	0	closed
8013e7f0	92	func_8013e7f0	-	-	0	0	closed
8013e84c	248	func_8013e84c	-	-	0	0	closed
8013e944	400	func_8013e944	-	-	0	0	closed
8013ead4	84	func_8013ead4	-	-	1	0	open
8013eb28	204	-	-	-	0	0	closed
8013ebf4	92	func_8013ebf4	-	-	0	0	closed
8013ec50	204	-	-	-	0	0	closed
8013ed1c	116	func_8013ed1c	-	-	0	0	closed
8013ed90	240	-	-	-	0	0	closed
8013ee80	84	func_8013ee80	-	-	1	0	open
8013eed4	84	func_8013eed4	-	-	0	0	closed
8013ef28	292	func_8013ef28	-	-	0	0	closed
8013f04c	124	func_8013f04c	-	-	0	0	closed
8013f0c8	244	func_8013f0c8	-	-	0	0	closed
8013f1bc	236	func_8013f1bc	-	-	0	0	closed
8013f2a8	32	func_8013f2a8	-	-	0	0	closed
8013f2c8	16	func_8013f2c8	-	-	0	0	closed
8013f2d8	36	func_8013f2d8	-	-	0	0	closed
8013f2fc	188	func_8013f2fc	-	-	0	0	closed
8013f3b8	48	func_8013f3b8	-	-	0	0	closed
8013f3e8	140	-	-	-	0	0	closed
8013f474	388	-	-	-	0	0	closed
8013f5f8	716	func_8013f5f8	-	-	0	0	closed
8013f8c4	496	-	-	-	0	0	closed
8013fab4	356	func_8013fab4	-	-	0	0	closed
8013fc18	384	-	-	-	0	0	closed
8013fd98	188	func_8013fd98	-	-	0	0	closed
8013fe54	164	func_8013fe54	-	-	0	0	closed
8013fef8	236	func_8013fef8	-	-	0	0	closed
8013ffe4	280	func_8013ffe4	-	-	0	0	closed
801400fc	352	func_801400fc	-	-	0	0	closed
8014025c	280	func_8014025c	-	-	0	0	closed
80140374	280	func_80140374	-	-	0	0	closed
8014048c	268	func_8014048c	-	-	0	0	closed
80140598	472	func_80140598	-	-	0	0	open
80140770	616	func_80140770	-	-	0	0	open
801409d8	388	func_801409d8	-	-	0	0	open
80140b5c	380	-	-	-	0	0	open
80140cd8	488	-	-	-	0	0	open
80140ec0	64	func_80140ec0	-	-	1	0	open
80140f00	36	func_80140f00	-	-	0	0	closed
80140f24	36	func_80140f24	-	-	0	0	closed
80140f48	8	func_80140f48	-	-	0	0	closed
80140f50	36	func_80140f50	-	-	0	0	closed
80140f74	36	func_80140f74	-	-	0	0	closed
80140f98	72	func_80140f98	-	-	1	0	open
80140fe0	120	func_80140fe0	-	-	0	0	closed
80141058	112	func_80141058	-	-	0	0	closed
801410c8	252	func_801410c8	-	-	0	0	closed
801411c4	132	func_801411c4	-	-	0	0	closed
80141248	92	func_80141248	-	-	0	0	closed
801412a4	472	func_801412a4	-	-	0	0	closed
8014147c	96	func_8014147c	-	-	0	0	closed
801414dc	88	func_801414dc	-	-	0	0	closed
80141534	140	-	-	-	0	0	closed
801415c0	88	func_801415c0	-	-	0	0	closed
80141618	212	func_80141618	-	-	0	0	closed
801416ec	156	func_801416ec	-	-	0	0	closed
80141788	68	func_80141788	-	-	0	0	closed
801417cc	124	func_801417cc	-	-	0	0	closed
80141848	116	func_80141848	-	-	0	0	closed
801418bc	76	func_801418bc	-	-	0	0	closed
80141908	248	func_80141908	-	-	0	0	closed
80141a00	296	func_80141a00	-	-	0	0	closed
80141b28	292	func_80141b28	-	sound,unidentified	0	0	closed
80141c4c	160	func_80141c4c	-	-	0	0	closed
80141cec	328	-	-	-	0	0	closed
80141e34	40	func_80141e34	-	-	0	0	closed
80141e5c	204	func_80141e5c	-	-	0	0	closed
80141f28	264	func_80141f28	-	sound,unidentified	0	0	closed
80142030	248	-	-	-	0	0	closed
80142128	524	build_metrics	-	-	0	0	closed
80142334	36	box_delta	-	-	0	0	closed
80142358	32	wide_delta	-	-	0	0	closed
80142378	172	func_80142378	-	-	0	0	closed
80142424	284	func_80142424	-	-	0	0	closed
80142540	152	func_80142540	-	-	0	0	closed
801425d8	320	func_801425d8	-	-	0	0	closed
80142718	96	func_80142718	-	sound,unidentified	0	0	closed
80142778	96	func_80142778	-	sound,unidentified	0	0	closed
801427d8	208	-	-	-	0	0	closed
801428a8	60	func_801428a8	-	-	0	0	closed
801428e4	92	func_801428e4	-	sound,unidentified	0	0	closed
80142940	40	func_80142940	-	sound,unidentified	0	0	closed
80142968	172	func_80142968	-	sound,unidentified	0	0	closed
80142a14	200	func_80142a14	-	-	0	0	open
80142adc	96	func_80142adc	-	-	0	0	open
80142b3c	100	func_80142b3c	-	-	0	0	closed
80142ba0	100	func_80142ba0	-	-	0	0	closed
80142c04	108	func_80142c04	-	-	0	0	closed
80142c70	844	func_80142c70	-	graphics	0	0	open
80142fbc	44	func_80142fbc	-	-	0	0	closed
80142fe8	412	func_80142fe8	-	-	0	0	closed
80143184	552	func_80143184	-	-	0	0	closed
801433ac	640	func_801433ac	-	-	0	0	closed
8014362c	92	-	-	-	0	0	closed
80143688	64	func_80143688	-	-	1	0	open
801436c8	20	func_801436c8	-	-	0	0	closed
801436dc	64	func_801436dc	-	-	1	0	open
8014371c	32	func_8014371c	-	-	0	0	closed
8014373c	64	func_8014373c	-	-	1	0	open
8014377c	232	func_8014377c	-	sound,unidentified	0	0	closed
80143864	388	func_80143864	-	sound,unidentified	0	0	closed
801439e8	156	func_801439e8	-	sound,unidentified	0	0	closed
80143a84	184	func_80143a84	-	-	0	0	closed
80143b3c	84	func_80143b3c	-	-	0	0	closed
80143b90	140	func_80143b90	-	-	0	0	closed
80143c1c	332	func_80143c1c	-	-	0	0	closed
80143d68	100	func_80143d68	-	-	0	0	closed
80143dcc	48	func_80143dcc	-	-	0	0	closed
80143dfc	52	func_80143dfc	-	-	0	0	closed
80143e30	48	func_80143e30	-	-	0	0	closed
80143e60	64	func_80143e60	-	-	1	0	open
80143ea0	92	func_80143ea0	-	-	1	0	open
80143efc	80	func_80143efc	-	sound,unidentified	0	0	closed
80143f4c	76	func_80143f4c	-	sound,unidentified	0	0	closed
80143f98	68	func_80143f98	-	-	0	0	closed
80143fdc	84	func_80143fdc	-	-	0	0	closed
80144030	96	func_80144030	-	-	0	0	closed
80144090	84	func_80144090	-	-	0	0	closed
801440e4	60	func_801440e4	-	-	0	0	closed
80144120	120	func_80144120	-	sound,unidentified	0	0	closed
80144198	48	func_80144198	-	-	0	0	closed
801441c8	88	func_801441c8	-	-	0	0	closed
80144220	36	func_80144220	-	-	0	0	closed
80144244	36	func_80144244	-	-	0	0	closed
80144268	92	func_80144268	-	-	1	0	open
801442c4	92	func_801442c4	-	-	0	0	closed
80144320	68	func_80144320	-	-	0	0	closed
80144364	76	func_80144364	-	sound,unidentified	0	0	closed
801443b0	220	func_801443b0	-	sound,unidentified	0	0	closed
8014448c	40	func_8014448c	-	-	0	0	closed
801444b4	76	func_801444b4	-	sound,unidentified	0	0	closed
80144500	68	func_80144500	-	-	0	0	closed
80144544	76	func_80144544	-	-	0	0	closed
80144590	92	func_80144590	-	-	1	0	open
801445ec	84	func_801445ec	-	-	0	0	closed
80144640	92	func_80144640	-	-	0	0	closed
8014469c	84	func_8014469c	-	-	0	0	closed
801446f0	68	func_801446f0	-	-	0	0	closed
80144734	76	func_80144734	-	-	0	0	closed
80144780	64	func_80144780	-	-	1	0	open
801447c0	112	func_801447c0	-	-	1	0	open
80144830	148	func_80144830	-	-	0	0	closed
801448c4	116	func_801448c4	-	-	0	0	closed
80144938	72	func_80144938	-	-	0	0	closed
80144980	84	func_80144980	-	-	0	0	closed
801449d4	40	func_801449d4	-	-	0	0	closed
801449fc	20	func_801449fc	-	-	0	0	closed
80144a10	92	func_80144a10	-	-	1	0	open
80144a6c	84	func_80144a6c	-	-	0	0	closed
80144ac0	84	func_80144ac0	-	-	0	0	closed
80144b14	132	func_80144b14	-	-	0	0	closed
80144b98	68	func_80144b98	-	-	0	0	closed
80144bdc	76	func_80144bdc	-	-	0	0	closed
80144c28	92	func_80144c28	-	-	1	0	open
80144c84	84	func_80144c84	-	-	0	0	closed
80144cd8	92	func_80144cd8	-	-	0	0	closed
80144d34	84	func_80144d34	-	-	0	0	closed
80144d88	68	func_80144d88	-	-	0	0	closed
80144dcc	76	func_80144dcc	-	-	0	0	closed
80144e18	120	func_80144e18	-	-	0	0	closed
80144e90	32	func_80144e90	-	-	0	0	closed
80144eb0	20	func_80144eb0	-	-	0	0	closed
80144ec4	32	func_80144ec4	-	-	0	0	closed
80144ee4	44	func_80144ee4	-	-	0	0	closed
80144f10	668	func_80144f10	-	-	0	0	closed
801451ac	320	func_801451ac	graphics	graphics	0	0	closed
801452ec	1632	-	graphics	graphics	0	0	closed
8014594c	64	func_8014594c	-	-	1	0	open
8014598c	148	func_8014598c	-	-	0	0	closed
80145a20	128	func_80145a20	-	-	0	0	closed
80145aa0	32	func_80145aa0	-	-	0	0	closed
80145ac0	64	func_80145ac0	-	-	1	0	open
80145b00	96	func_80145b00	-	graphics	0	0	closed
80145b60	128	func_80145b60	-	graphics	0	0	closed
80145be0	32	func_80145be0	-	-	0	0	closed
80145c00	64	func_80145c00	-	-	1	0	open
80145c40	60	func_80145c40	-	-	0	0	closed
80145c7c	132	func_80145c7c	-	-	0	0	closed
80145d00	32	func_80145d00	-	-	0	0	closed
80145d20	336	func_80145d20	-	-	0	0	closed
80145e70	296	func_80145e70	-	-	0	0	closed
80145f98	340	func_80145f98	-	-	0	0	closed
801460ec	152	func_801460ec	-	-	0	0	closed
80146184	64	func_80146184	-	-	1	0	open
801461c4	328	func_801461c4	-	-	0	0	closed
8014630c	104	func_8014630c	-	-	0	0	closed
80146374	32	func_80146374	-	-	0	0	closed
80146394	188	func_80146394	-	-	0	0	closed
80146450	40	func_80146450	-	-	0	0	closed
80146478	312	func_80146478	-	-	0	0	closed
801465b0	316	func_801465b0	-	-	0	0	closed
801466ec	64	func_801466ec	-	-	1	0	open
8014672c	104	func_8014672c	-	-	0	0	closed
80146794	140	func_80146794	-	-	0	0	closed
80146820	32	func_80146820	-	-	0	0	closed
80146840	36	func_80146840	-	-	0	0	closed
80146864	36	func_80146864	-	-	0	0	closed
80146888	36	func_80146888	-	-	0	0	closed
801468ac	36	func_801468ac	-	-	0	0	closed
801468d0	36	func_801468d0	-	-	0	0	closed
801468f4	36	func_801468f4	-	-	0	0	closed
80146918	36	func_80146918	-	-	0	0	closed
8014693c	36	func_8014693c	-	-	0	0	closed
80146960	56	func_80146960	-	-	0	0	closed
80146998	256	func_80146998	-	sound,unidentified	0	0	closed
80146a98	264	func_80146a98	-	-	0	0	closed
80146ba0	344	func_80146ba0	-	-	0	0	closed
80146cf8	324	func_80146cf8	-	-	0	0	closed
80146e3c	452	func_80146e3c	-	-	0	0	closed
80147000	344	func_80147000	-	-	0	0	closed
80147158	160	func_80147158	-	-	0	0	closed
801471f8	64	func_801471f8	-	-	1	0	open
80147238	296	func_80147238	-	disc,graphics,sound,unidentified	0	0	closed
80147360	344	func_80147360	-	graphics	0	0	closed
801474b8	204	func_801474b8	-	disc,graphics,sound,unidentified	0	0	closed
80147584	340	func_80147584	-	graphics	0	0	closed
801476d8	32	func_801476d8	-	-	0	0	closed
801476f8	180	func_801476f8	-	-	0	0	closed
801477ac	96	func_801477ac	graphics	graphics	0	0	closed
8014780c	348	func_8014780c	-	-	0	0	closed
80147968	228	func_80147968	-	-	0	0	closed
80147a4c	64	func_80147a4c	-	-	1	0	open
80147a8c	88	func_80147a8c	-	-	0	0	closed
80147ae4	64	func_80147ae4	-	-	1	0	open
80147b24	92	func_80147b24	-	-	1	0	open
80147b80	48	func_80147b80	-	-	0	0	closed
80147bb0	92	func_80147bb0	-	-	0	0	closed
80147c0c	68	func_80147c0c	-	-	0	0	closed
80147c50	84	func_80147c50	-	-	1	0	open
80147ca4	68	func_80147ca4	-	-	0	0	closed
80147ce8	108	func_80147ce8	-	-	0	0	closed
80147d54	76	func_80147d54	-	-	0	0	closed
80147da0	88	func_80147da0	-	-	0	0	closed
80147df8	32	func_80147df8	-	-	0	0	closed
80147e18	152	func_80147e18	-	-	0	0	closed
80147eb0	64	func_80147eb0	-	-	0	0	closed
80147ef0	20	func_80147ef0	-	-	0	0	closed
80147f04	84	func_80147f04	-	-	1	0	open
80147f58	48	func_80147f58	-	-	0	0	closed
80147f88	48	func_80147f88	-	-	0	0	closed
80147fb8	76	func_80147fb8	-	-	0	0	closed
80148004	172	func_80148004	-	-	0	0	closed
801480b0	68	func_801480b0	-	-	0	0	closed
801480f4	32	func_801480f4	-	-	0	0	closed
80148114	32	func_80148114	-	-	0	0	closed
80148134	96	func_80148134	-	-	0	0	closed
80148194	140	func_80148194	-	-	0	0	closed
80148220	192	func_80148220	-	-	0	0	closed
801482e0	196	func_801482e0	-	-	0	0	closed
801483a4	240	func_801483a4	-	-	0	0	closed
80148494	244	func_80148494	-	-	0	0	closed
80148588	64	func_80148588	-	-	1	0	open
801485c8	64	func_801485c8	-	-	0	0	closed
80148608	64	func_80148608	-	-	1	0	open
80148648	92	func_80148648	-	-	0	0	closed
801486a4	144	func_801486a4	-	-	0	0	closed
80148734	32	func_80148734	-	-	0	0	closed
80148754	32	func_80148754	-	-	0	0	closed
80148774	248	func_80148774	-	-	0	0	closed
8014886c	64	func_8014886c	-	-	1	0	open
801488ac	64	func_801488ac	-	-	0	0	closed
801488ec	96	func_801488ec	-	-	0	0	closed
8014894c	184	func_8014894c	-	-	0	0	closed
80148a04	32	func_80148a04	-	sound,unidentified	0	0	closed
80148a24	80	func_80148a24	-	sound,unidentified	0	0	closed
80148a74	236	func_80148a74	-	-	0	0	closed
80148b60	300	func_80148b60	-	sound,unidentified	0	0	closed
80148c8c	64	func_80148c8c	-	-	1	0	open
80148ccc	124	func_80148ccc	-	-	0	0	closed
80148d48	252	func_80148d48	-	-	0	0	closed
80148e44	32	func_80148e44	-	-	0	0	closed
80148e64	32	func_80148e64	-	-	0	0	closed
80148e84	36	func_80148e84	-	-	0	0	closed
80148ea8	36	func_80148ea8	-	-	0	0	closed
80148ecc	528	func_80148ecc	-	-	0	0	closed
801490dc	64	func_801490dc	-	-	1	0	open
8014911c	60	func_8014911c	-	-	0	0	closed
80149158	100	func_80149158	-	-	0	0	closed
801491bc	124	func_801491bc	-	graphics	0	0	closed
80149238	64	func_80149238	-	-	1	0	open
80149278	72	func_80149278	-	-	1	0	open
801492c0	68	func_801492c0	-	-	0	0	closed
80149304	68	func_80149304	-	-	0	0	closed
80149348	80	func_80149348	-	sound,unidentified	0	0	closed
80149398	120	func_80149398	-	-	0	0	closed
80149410	84	func_80149410	-	-	1	0	open
80149464	92	func_80149464	-	-	0	0	closed
801494c0	32	func_801494c0	-	-	0	0	closed
801494e0	164	func_801494e0	-	sound,unidentified	0	0	closed
80149584	64	func_80149584	-	-	0	0	closed
801495c4	20	func_801495c4	-	-	0	0	closed
801495d8	32	func_801495d8	-	-	0	0	closed
801495f8	456	func_801495f8	-	-	0	0	closed
801497c0	200	func_801497c0	-	-	0	0	closed
80149888	88	func_80149888	-	-	0	0	closed
801498e0	64	func_801498e0	-	-	1	0	open
80149920	164	func_80149920	-	-	0	0	closed
801499c4	228	func_801499c4	-	-	0	0	closed
80149aa8	16	func_80149aa8	-	-	0	0	closed
80149ab8	64	func_80149ab8	-	sound,unidentified	0	0	closed
80149af8	136	func_80149af8	-	-	0	0	closed
80149b80	176	func_80149b80	-	-	0	0	closed
80149c30	128	func_80149c30	-	-	0	0	closed
80149cb0	24	func_80149cb0	-	-	0	0	closed
80149cc8	48	func_80149cc8	-	-	0	0	closed
80149cf8	80	func_80149cf8	-	-	0	0	closed
80149d48	36	func_80149d48	-	-	0	0	closed
80149d6c	208	func_80149d6c	-	-	0	0	closed
80149e3c	140	func_80149e3c	-	-	0	0	closed
80149ec8	76	func_80149ec8	-	-	0	0	closed
80149f14	12	func_80149f14	-	-	0	0	closed
80149f20	164	func_80149f20	-	-	0	0	closed
80149fc4	116	func_80149fc4	-	-	0	0	closed
8014a038	32	func_8014a038	-	-	0	0	closed
8014a058	164	func_8014a058	-	-	0	0	closed
8014a0fc	116	func_8014a0fc	-	-	0	0	closed
8014a170	124	func_8014a170	-	-	0	0	closed
8014a1ec	376	func_8014a1ec	-	-	0	0	open
8014a364	100	func_8014a364	-	-	0	0	open
8014a3c8	100	func_8014a3c8	-	-	0	0	open
8014a42c	100	func_8014a42c	-	-	0	0	open
8014a490	100	func_8014a490	-	-	0	0	open
8014a4f4	204	func_8014a4f4	-	-	0	0	open
8014a5c0	68	func_8014a5c0	-	-	1	0	open
8014a604	68	func_8014a604	-	-	1	0	open
8014a648	64	func_8014a648	-	-	0	0	closed
8014a688	80	func_8014a688	-	-	0	0	open
8014a6d8	84	func_8014a6d8	-	-	0	0	open
8014a72c	92	func_8014a72c	-	-	0	0	open
8014a788	184	func_8014a788	-	-	0	0	open
8014a840	112	func_8014a840	-	-	0	0	open
8014a8b0	156	func_8014a8b0	-	-	0	0	closed
8014a94c	256	-	-	-	0	0	open
8014aa4c	128	func_8014aa4c	-	-	0	0	open
8014aacc	84	func_8014aacc	-	-	0	0	open
8014ab20	84	func_8014ab20	-	-	0	0	open
8014ab74	84	func_8014ab74	-	-	0	0	open
8014abc8	48	func_8014abc8	-	-	0	0	closed
8014abf8	68	func_8014abf8	-	-	0	0	closed
8014ac3c	148	func_8014ac3c	-	-	0	0	open
8014acd0	148	func_8014acd0	-	-	0	0	open
8014ad64	84	func_8014ad64	-	-	0	0	open
8014adb8	112	func_8014adb8	-	-	0	0	open
8014ae28	44	func_8014ae28	-	-	0	0	closed
8014ae54	52	func_8014ae54	-	-	0	0	closed
8014ae88	68	func_8014ae88	-	-	1	0	open
8014aecc	132	func_8014aecc	-	-	0	0	open
8014af50	132	func_8014af50	-	-	0	0	open
8014afd4	184	func_8014afd4	-	-	0	0	open
8014b08c	88	func_8014b08c	-	-	0	0	closed
8014b0e4	88	func_8014b0e4	-	-	0	0	closed
8014b13c	160	func_8014b13c	-	-	0	0	open
8014b1dc	160	func_8014b1dc	-	-	0	0	open
8014b27c	196	func_8014b27c	-	-	0	0	open
8014b340	604	func_8014b340	-	-	0	0	open
8014b59c	180	func_8014b59c	-	-	0	0	closed
8014b650	180	func_8014b650	-	-	0	0	open
8014b704	180	func_8014b704	-	-	0	0	open
8014b7b8	184	func_8014b7b8	-	-	1	0	open
8014b870	104	func_8014b870	-	-	0	0	open
8014b8d8	104	func_8014b8d8	-	-	0	0	open
8014b940	76	func_8014b940	-	-	0	0	open
8014b98c	92	func_8014b98c	-	-	0	0	open
8014b9e8	72	func_8014b9e8	-	-	0	0	open
8014ba30	72	func_8014ba30	-	-	0	0	open
8014ba78	72	func_8014ba78	-	-	0	0	open
8014bac0	104	func_8014bac0	-	-	0	0	open
8014bb28	224	func_8014bb28	-	-	0	0	open
8014bc08	208	func_8014bc08	-	-	0	0	open
8014bcd8	76	func_8014bcd8	-	-	0	0	open
8014bd24	88	func_8014bd24	-	-	0	0	open
8014bd7c	88	func_8014bd7c	-	-	0	0	open
8014bdd4	88	func_8014bdd4	-	-	0	0	open
8014be2c	76	func_8014be2c	-	-	0	0	open
8014be78	112	func_8014be78	-	-	0	0	open
8014bee8	112	func_8014bee8	-	-	0	0	open
8014bf58	80	func_8014bf58	-	-	0	0	open
8014bfa8	100	func_8014bfa8	-	-	0	0	open
8014c00c	76	func_8014c00c	-	-	0	0	open
8014c058	88	func_8014c058	-	-	0	0	open
8014c0b0	88	func_8014c0b0	-	-	0	0	open
8014c108	112	func_8014c108	-	-	0	0	open
8014c178	112	func_8014c178	-	-	0	0	open
8014c1e8	144	func_8014c1e8	-	-	0	0	open
8014c278	140	func_8014c278	-	-	0	0	open
8014c304	92	func_8014c304	-	-	0	0	open
8014c360	76	func_8014c360	-	-	0	0	open
8014c3ac	96	func_8014c3ac	-	-	0	0	open
8014c40c	92	func_8014c40c	-	-	0	0	open
8014c468	64	func_8014c468	-	-	0	0	open
8014c4a8	128	-	-	-	0	0	closed
8014c528	80	func_8014c528	-	-	0	0	open
8014c578	128	func_8014c578	-	-	0	0	open
8014c5f8	76	func_8014c5f8	-	-	0	0	open
8014c644	448	func_8014c644	-	-	0	0	open
8014c804	272	func_8014c804	-	-	0	0	open
8014c914	128	func_8014c914	-	-	0	0	open
8014c994	96	func_8014c994	-	-	0	0	closed
8014c9f4	136	func_8014c9f4	-	-	0	0	closed
8014ca7c	160	func_8014ca7c	-	-	0	0	closed
8014cb1c	136	func_8014cb1c	-	-	0	0	closed
8014cba4	84	func_8014cba4	-	-	0	0	closed
8014cbf8	136	func_8014cbf8	-	-	0	0	closed
8014cc80	48	func_8014cc80	-	-	0	0	closed
8014ccb0	64	func_8014ccb0	-	-	1	0	open
8014ccf0	64	func_8014ccf0	-	-	1	0	open
8014cd30	112	func_8014cd30	-	-	0	0	open
8014cda0	108	func_8014cda0	-	-	0	0	open
8014ce0c	108	func_8014ce0c	-	-	0	0	open
8014ce78	100	func_8014ce78	-	-	0	0	open
8014cedc	164	func_8014cedc	-	-	0	0	open
8014cf80	188	func_8014cf80	-	-	0	0	open
8014d03c	204	func_8014d03c	-	-	0	0	open
8014d108	68	func_8014d108	-	-	0	0	closed
8014d14c	108	func_8014d14c	-	-	0	0	open
8014d1b8	96	func_8014d1b8	-	-	0	0	open
8014d218	152	func_8014d218	-	-	0	0	open
8014d2b0	152	func_8014d2b0	-	-	0	0	open
8014d348	96	func_8014d348	-	-	0	0	open
8014d3a8	64	func_8014d3a8	-	-	1	0	open
8014d3e8	156	func_8014d3e8	-	-	0	0	open
8014d484	156	func_8014d484	-	-	0	0	open
8014d520	192	func_8014d520	-	-	0	0	open
8014d5e0	140	func_8014d5e0	-	-	0	0	open
8014d66c	180	func_8014d66c	-	-	0	0	open
8014d720	180	func_8014d720	-	-	0	0	open
8014d7d4	208	func_8014d7d4	-	-	0	0	open
8014d8a4	48	func_8014d8a4	-	-	0	0	closed
8014d8d4	72	func_8014d8d4	-	-	0	0	closed
8014d91c	64	func_8014d91c	-	-	0	0	closed
8014d95c	64	func_8014d95c	-	-	0	0	closed
8014d99c	16	func_8014d99c	-	-	0	0	closed
8014d9ac	108	func_8014d9ac	-	-	0	0	closed
8014da18	208	func_8014da18	-	-	0	0	closed
8014dae8	224	func_8014dae8	-	-	0	0	closed
8014dbc8	104	func_8014dbc8	-	-	0	0	closed
8014dc30	144	func_8014dc30	-	-	0	0	closed
8014dcc0	84	func_8014dcc0	-	-	1	0	open
8014dd14	268	func_8014dd14	-	-	0	0	closed
8014de20	116	func_8014de20	-	-	0	0	closed
8014de94	492	func_8014de94	-	-	0	0	closed
8014e080	52	func_8014e080	-	-	0	0	open
8014e0b4	424	func_8014e0b4	-	-	0	0	closed
8014e25c	180	func_8014e25c	-	-	0	0	closed
8014e310	88	func_8014e310	-	-	0	0	closed
8014e368	104	func_8014e368	-	-	0	0	closed
8014e3d0	52	func_8014e3d0	-	-	0	0	open
8014e404	8	func_8014e404	-	-	0	0	closed
8014e40c	104	func_8014e40c	-	-	1	0	open
8014e474	72	func_8014e474	-	-	1	0	open
8014e4bc	72	func_8014e4bc	-	-	1	0	open
8014e504	36	func_8014e504	-	-	0	0	closed
8014e528	36	func_8014e528	-	-	0	0	closed
8014e54c	168	func_8014e54c	-	-	0	0	open
8014e5f4	96	func_8014e5f4	-	-	1	0	open
8014e654	92	func_8014e654	-	-	0	0	closed
8014e6b0	32	func_8014e6b0	-	-	0	0	closed
8014e6d0	32	func_8014e6d0	-	-	0	0	closed
8014e6f0	32	func_8014e6f0	-	-	0	0	closed
8014e710	8	func_8014e710	-	-	0	0	closed
8014e718	64	func_8014e718	-	-	0	0	closed
8014e758	44	func_8014e758	-	-	0	0	closed
8014e784	104	func_8014e784	-	-	0	0	closed
8014e7ec	60	func_8014e7ec	-	-	0	0	closed
8014e828	104	func_8014e828	-	disc,graphics,sound,system,threads,unidentified	0	0	open
8014e890	780	-	graphics	disc,graphics,sound,system,threads,unidentified	0	0	open
8014eb9c	228	func_8014eb9c	-	disc,sound,threads	0	0	closed
8014ec80	132	func_8014ec80	-	disc,sound,threads	0	0	closed
8014ed04	56	func_8014ed04	-	disc,sound,threads	0	0	closed
8014ed3c	56	func_8014ed3c	-	disc,sound,threads	0	0	closed
8014ed74	56	func_8014ed74	-	disc,sound,threads	0	0	closed
8014edac	176	func_8014edac	-	disc,graphics,sound,system,threads,unidentified	0	0	closed
8014ee5c	156	func_8014ee5c	-	disc,graphics,sound,system,threads,unidentified	0	0	closed
8014eef8	176	func_8014eef8	-	disc,graphics,sound,system,threads,unidentified	0	0	closed
8014efa8	144	func_8014efa8	-	disc,graphics,sound,system,threads,unidentified	0	0	closed
8014f038	132	func_8014f038	-	disc,sound,system	0	0	open
8014f0bc	216	func_8014f0bc	disc	disc	0	0	closed
8014f194	548	func_8014f194	disc	disc	0	0	closed
8014f3b8	80	func_8014f3b8	-	disc,sound,threads	0	0	closed
8014f408	180	func_8014f408	system	disc,sound,system	0	0	open
8014f4bc	24	func_8014f4bc	-	-	0	0	closed
8014f4d4	200	func_8014f4d4	-	disc,sound,unidentified	0	0	closed
8014f59c	56	func_8014f59c	-	disc,sound	0	0	open
8014f5d4	48	func_8014f5d4	-	disc	0	0	closed
8014f604	140	func_8014f604	disc	disc	0	0	closed
8014f690	220	func_8014f690	disc	disc,sound	0	0	closed
8014f76c	140	func_8014f76c	-	disc,sound	0	0	closed
8014f7f8	288	func_8014f7f8	disc	disc,sound	0	0	closed
8014f918	216	func_8014f918	-	disc,sound	1	0	open
8014f9f0	112	func_8014f9f0	-	disc	0	0	closed
8014fa60	244	func_8014fa60	-	disc	0	0	closed
8014fb54	248	func_8014fb54	-	disc	0	0	closed
8014fc4c	220	func_8014fc4c	-	disc	0	0	closed
8014fd28	116	func_8014fd28	-	disc	0	0	closed
8014fd9c	388	func_8014fd9c	sound	disc,sound	0	0	closed
8014ff20	284	func_8014ff20	sound,unidentified	disc,sound,unidentified	0	0	closed
8015003c	196	func_8015003c	disc	disc	0	0	closed
80150100	128	func_80150100	disc	disc	0	0	closed
80150180	32	func_80150180	-	-	0	0	closed
801501a0	164	func_801501a0	-	-	0	0	closed
80150244	80	func_80150244	disc	disc	0	0	closed
80150294	348	func_80150294	-	disc,sound	1	0	open
801503f0	8	func_801503f0	-	-	0	0	closed
801503f8	104	func_801503f8	graphics	graphics	0	0	closed
80150460	92	func_80150460	graphics	graphics	0	0	closed
801504bc	192	func_801504bc	sound	sound	0	0	closed
8015057c	188	func_8015057c	sound	sound	0	0	closed
80150638	288	func_80150638	disc	disc	0	0	closed
80150758	132	func_80150758	-	disc	1	0	open
801507dc	12	func_801507dc	-	-	0	0	closed
801507e8	144	func_801507e8	disc	disc	0	0	closed
80150878	132	func_80150878	disc	disc	0	0	closed
801508fc	136	func_801508fc	disc	disc	0	0	closed
80150984	104	func_80150984	disc,sound	disc,sound	0	0	closed
801509ec	80	func_801509ec	disc	disc	0	0	closed
80150a3c	80	func_80150a3c	disc	disc	0	0	closed
80150a8c	112	func_80150a8c	disc	disc	0	0	closed
80150afc	132	func_80150afc	-	disc	0	0	closed
80150b80	236	func_80150b80	disc,sound,unidentified	disc,sound,unidentified	0	0	closed
80150c6c	92	func_80150c6c	-	-	0	0	closed
80150cc8	8	func_80150cc8	-	-	0	0	closed
80150cd0	136	func_80150cd0	sound,system,unidentified	disc,sound,system,unidentified	0	0	closed
80150d58	244	func_80150d58	-	system,threads	1	0	open
80150e4c	72	func_80150e4c	-	-	0	0	closed
80150e94	172	func_80150e94	-	-	0	0	closed
80150f40	60	func_80150f40	-	-	0	0	closed
80150f7c	156	func_80150f7c	-	-	0	0	closed
80151018	8	func_80151018	-	-	0	0	closed
80151020	156	func_80151020	-	disc,sound,threads,unidentified	0	0	closed
801510bc	200	func_801510bc	-	-	1	0	open
80151184	68	func_80151184	-	-	0	0	closed
801511c8	348	func_801511c8	graphics	graphics	0	0	closed
80151324	1404	-	graphics	graphics	0	0	closed
801518a0	276	func_801518a0	graphics	graphics	0	0	closed
801519b4	80	func_801519b4	-	-	0	0	closed
80151a04	1376	func_80151a04	graphics	graphics	0	0	closed
80151f64	136	func_80151f64	graphics	graphics	0	0	closed
80151fec	156	func_80151fec	graphics	graphics	0	0	closed
80152088	156	func_80152088	graphics	graphics	0	0	closed
80152124	124	-	graphics	graphics	0	0	closed
801521a0	128	func_801521a0	graphics	graphics	0	0	closed
80152220	64	func_80152220	-	-	1	0	open
80152260	248	func_80152260	-	-	0	0	closed
80152358	76	func_80152358	-	-	0	0	closed
801523a4	32	func_801523a4	-	-	0	0	closed
801523c4	64	func_801523c4	-	-	1	0	open
80152404	64	func_80152404	-	-	0	0	closed
80152444	68	func_80152444	-	-	1	0	open
80152488	84	func_80152488	-	-	1	0	open
801524dc	64	func_801524dc	-	-	0	0	closed
8015251c	108	func_8015251c	-	-	0	0	closed
80152588	72	func_80152588	-	-	0	0	closed
801525d0	32	func_801525d0	-	-	0	0	open
801525f0	120	func_801525f0	-	-	1	0	open
80152668	104	func_80152668	-	-	0	0	closed
801526d0	48	func_801526d0	-	-	0	0	closed
80152700	116	func_80152700	-	-	1	0	open
80152774	64	func_80152774	-	-	0	0	closed
801527b4	120	func_801527b4	-	-	0	0	closed
8015282c	68	func_8015282c	-	-	0	0	closed
80152870	32	func_80152870	-	-	0	0	closed
80152890	32	func_80152890	-	-	0	0	closed
801528b0	48	func_801528b0	-	-	0	0	closed
801528e0	276	func_801528e0	-	-	0	0	closed
801529f4	228	func_801529f4	-	-	0	0	closed
80152ad8	104	func_80152ad8	-	-	0	0	closed
80152b40	244	func_80152b40	-	-	0	0	closed
80152c34	244	func_80152c34	-	-	0	0	closed
80152d28	204	func_80152d28	-	-	0	0	closed
80152df4	244	func_80152df4	-	-	0	0	closed
80152ee8	152	func_80152ee8	-	disc,graphics,sound,system,threads,unidentified	0	0	open
80152f80	264	func_80152f80	-	disc,graphics,sound,system,threads,unidentified	0	0	open
80153088	204	func_80153088	-	-	0	0	closed
80153154	120	func_80153154	-	-	2	0	open
801531cc	100	func_801531cc	-	-	0	0	open
80153230	248	func_80153230	-	-	2	0	open
80153328	96	func_80153328	-	-	0	0	closed
80153388	168	func_80153388	-	-	0	0	closed
80153430	156	func_80153430	-	-	0	0	closed
801534cc	72	func_801534cc	-	-	0	0	closed
80153514	144	func_80153514	-	-	0	0	closed
801535a4	276	func_801535a4	-	-	0	0	closed
801536b8	412	func_801536b8	-	-	0	0	closed
80153854	156	func_80153854	-	-	0	0	closed
801538f0	76	func_801538f0	-	-	0	0	closed
8015393c	252	func_8015393c	-	-	0	0	closed
80153a38	316	func_80153a38	-	-	0	0	closed
80153b74	264	func_80153b74	-	-	0	0	closed
80153c7c	20	func_80153c7c	-	-	0	0	closed
80153c90	20	func_80153c90	-	-	0	0	closed
80153ca4	8	func_80153ca4	-	-	0	0	closed
80153cac	208	func_80153cac	-	-	0	0	closed
80153d7c	128	func_80153d7c	-	-	0	0	closed
80153dfc	220	func_80153dfc	-	-	0	0	closed
80153ed8	52	func_80153ed8	-	-	0	0	closed
80153f0c	124	func_80153f0c	-	-	0	0	closed
80153f88	40	func_80153f88	-	-	1	0	open
80153fb0	8	func_80153fb0	-	-	0	0	closed
80153fb8	164	func_80153fb8	-	-	0	0	closed
8015405c	8	func_8015405c	-	-	0	0	closed
80154064	8	func_80154064	-	-	0	0	closed
8015406c	128	func_8015406c	-	-	0	0	closed
801540ec	244	func_801540ec	-	-	0	0	closed
801541e0	260	func_801541e0	-	-	0	0	closed
801542e4	8	func_801542e4	-	-	0	0	closed
801542ec	120	func_801542ec	memory card	memory card,system	0	0	closed
80154364	324	func_80154364	system	system	0	0	closed
801544a8	220	func_801544a8	system	system	0	0	closed
80154584	72	func_80154584	-	-	1	0	open
801545cc	940	-	-	sound,unidentified	0	0	closed
80154978	32	func_80154978	-	-	0	0	closed
80154998	1776	func_80154998	-	disc,graphics,sound,unidentified	0	0	open
80155088	40	func_80155088	-	disc,sound,unidentified	0	0	closed
801550b0	2420	func_801550b0	-	sound,unidentified	0	0	closed
80155a24	620	func_80155a24	-	disc,graphics,sound,system,threads,unidentified	0	0	open
80155c90	56	func_80155c90	-	-	0	0	closed
80155cc8	132	func_80155cc8	-	-	0	0	closed
80155d4c	148	func_80155d4c	-	-	0	0	closed
80155de0	204	func_80155de0	-	-	0	0	closed
80155eac	132	func_80155eac	-	-	0	0	closed
80155f30	104	func_80155f30	-	-	0	0	closed
80155f98	128	func_80155f98	-	-	0	0	closed
80156018	108	func_80156018	-	-	0	0	closed
80156084	16	func_80156084	-	-	0	0	closed
80156094	64	func_80156094	-	-	1	0	open
801560d4	332	func_801560d4	-	-	0	0	closed
80156220	368	func_80156220	-	-	0	0	closed
80156390	8	func_80156390	-	-	0	0	closed
80156398	188	func_80156398	-	-	0	0	closed
80156454	92	func_80156454	-	-	0	0	closed
801564b0	64	func_801564b0	-	-	1	0	open
801564f0	200	func_801564f0	-	-	0	0	closed
801565b8	60	func_801565b8	-	-	0	0	closed
801565f4	176	func_801565f4	-	unidentified	0	0	closed
801566a4	68	func_801566a4	-	-	0	0	closed
801566e8	252	func_801566e8	unidentified	unidentified	0	0	closed
801567e4	52	func_801567e4	-	-	0	0	closed
80156818	128	func_80156818	-	-	0	0	closed
80156898	392	func_80156898	-	-	0	0	closed
80156a20	424	func_80156a20	-	-	0	0	closed
80156bc8	184	func_80156bc8	-	-	0	0	closed
80156c80	168	func_80156c80	-	-	0	0	closed
80156d28	872	func_80156d28	-	-	0	0	closed
