80157090	228	func_80157090	unidentified	1	-
80157174	128	func_80157174	unidentified	1	-
801571f4	64	func_801571f4	unidentified	0	-
80157234	60	func_80157234	unidentified	0	-
80157270	240	-	unidentified	0	-
80157360	32	func_80157360	unidentified	0	-
80157380	588	-	unidentified	0	-
801575cc	12	CloseEvent	system	2	folder
801575dc	16	EnterCriticalSection	system	9	folder
801575ec	12	close	files	0	name
801575fc	12	write	files	0	name
8015760c	12	func_8015760c	threads	2	bios
8015761c	12	EnableEvent	system	2	folder
8015762c	12	func_8015762c	pads	1	bios
8015763c	12	format	files	0	name
8015764c	156	-	system	1	name
801576e8	56	GetRCnt	system	1	folder
80157720	48	-	system	1	name
80157750	52	-	unidentified	0	-
80157784	52	-	system	1	name
801577bc	12	func_801577bc	threads	3	bios
801577cc	12	DisableEvent	system	1	folder
801577dc	12	func_801577dc	pads	1	bios
801577ec	12	func_801577ec	threads	4	bios
801577fc	12	ChangeClearPAD	pads	1	name
8015780c	12	InitHeap	system	1	folder
8015781c	12	nextfile	files	0	name
8015782c	12	Exec	system	1	folder
8015783c	12	OpenEvent	system	2	folder
8015784c	12	read	files	0	name
8015785c	12	TestEvent	system	0	folder
8015786c	16	ExitCriticalSection	system	9	folder
8015787c	12	open	files	0	name
8015788c	12	firstfile	files	0	name
8015789c	8	func_8015789c	unidentified	1	-
801578ac	12	FlushCache	system	1	folder
801578bc	12	strcat	C library	0	folder
801578cc	12	strcmp	C library	0	folder
801578dc	12	strcpy	C library	0	folder
801578ec	12	rand	C library	0	folder
801578fc	348	ResetGraph	graphics	2	folder
80157a58	276	SetGraphReverse	graphics	0	folder
80157b6c	108	SetGraphDebug	graphics	0	folder
80157bd8	172	SetGraphQueue	graphics	0	folder
80157c84	16	GetGraphType	graphics	0	folder
80157c94	16	GetGraphDebug	graphics	0	folder
80157ca4	92	DrawSyncCallback	graphics	0	folder
80157d00	156	SetDispMask	graphics	4	folder
80157d9c	108	DrawSync	graphics	6	folder
80157e08	296	checkRECT	graphics	0	folder
80157f30	148	ClearImage	graphics	1	folder
80157fc4	100	LoadImage	graphics	7	folder
80158028	100	StoreImage	graphics	13	folder
8015808c	196	MoveImage	graphics	1	folder
80158150	184	ClearOTag	graphics	1	folder
80158208	152	ClearOTagR	graphics	2	folder
801582a0	96	DrawPrim	graphics	0	folder
80158300	116	DrawOTag	graphics	1	folder
80158374	196	func_80158374	graphics	1	place
80158438	56	func_80158438	graphics	0	place
80158470	1060	-	graphics	1	place
80158894	56	func_80158894	graphics	0	place
801588cc	52	GetODE	graphics	0	folder
80158900	60	SetTexWindow	graphics	0	folder
8015893c	132	SetDrawArea	graphics	0	folder
801589c0	68	SetDrawOffset	graphics	0	folder
80158a04	40	SetPriority	graphics	0	folder
80158a2c	88	SetDrawMode	graphics	6	folder
80158a84	676	-	graphics	0	place
80158d28	92	-	graphics	0	name
80158d84	204	-	graphics	0	name
80158e50	204	-	graphics	0	name
80158f1c	72	-	graphics	0	name
80158f64	132	get_tw	graphics	0	folder
80158fe8	188	-	graphics	0	place
801590a4	24	func_801590a4	graphics	0	place
801590bc	232	_otc	graphics	0	folder
801591a4	544	-	graphics	0	place
801593c4	604	-	graphics	0	place
80159620	668	-	graphics	0	place
801598bc	44	func_801598bc	graphics	0	place
801598e8	24	-	graphics	0	place
80159900	80	_cwb	graphics	0	folder
80159950	76	_cwc	graphics	0	folder
8015999c	48	_param	graphics	0	folder
801599cc	36	_addque	graphics	0	folder
801599f0	764	-	graphics	0	name
80159cec	788	-	graphics	0	name
8015a000	316	_reset	graphics	0	folder
8015a13c	328	_sync	graphics	0	folder
8015a284	52	set_alarm	graphics	0	folder
8015a2b8	364	-	graphics	0	name
8015a424	224	gpu_probe	graphics	0	folder
8015a504	44	memset2	graphics	0	folder
8015a530	12	GPU_cw	graphics	0	name
8015a540	12	memcpy	C library	0	folder
8015a550	12	printf	C library	0	folder
8015a560	16	func_8015a560	unidentified	1	-
8015a570	104	func_8015a570	unidentified	1	-
8015a5d8	64	func_8015a5d8	unidentified	0	-
8015a618	684	func_8015a618	unidentified	0	-
8015a8c4	288	func_8015a8c4	unidentified	0	-
8015a9e4	408	func_8015a9e4	unidentified	0	-
8015ab7c	4480	func_8015ab7c	unidentified	0	-
8015bcfc	12	memset	C library	0	folder
8015bd0c	200	GetTPage	graphics	7	folder
8015bdd4	24	GetClut	graphics	6	folder
8015bdec	208	DumpTPage	graphics	0	folder
8015bebc	64	DumpClut	graphics	0	folder
8015befc	28	NextPrim	graphics	0	folder
8015bf18	28	IsEndPrim	graphics	0	folder
8015bf34	60	AddPrim	graphics	13	folder
8015bf70	60	AddPrims	graphics	1	folder
8015bfac	36	CatPrim	graphics	0	folder
8015bfd0	24	TermPrim	graphics	0	folder
8015bfe8	40	SetSemiTrans	graphics	1	folder
8015c010	40	SetShadeTex	graphics	0	folder
8015c038	20	SetPolyF3	graphics	0	folder
8015c04c	20	SetPolyFT3	graphics	0	folder
8015c060	20	SetPolyG3	graphics	0	folder
8015c074	20	SetPolyGT3	graphics	0	folder
8015c088	20	SetPolyF4	graphics	0	folder
8015c09c	20	SetPolyFT4	graphics	3	folder
8015c0b0	20	SetPolyG4	graphics	0	folder
8015c0c4	20	SetPolyGT4	graphics	0	folder
8015c0d8	20	SetSprt8	graphics	0	folder
8015c0ec	20	SetSprt16	graphics	1	folder
8015c100	20	SetSprt	graphics	1	folder
8015c114	20	SetTile1	graphics	0	folder
8015c128	20	SetTile8	graphics	0	folder
8015c13c	20	SetTile16	graphics	0	folder
8015c150	20	SetTile	graphics	1	folder
8015c164	20	SetLineF2	graphics	0	folder
8015c178	20	SetLineG2	graphics	0	folder
8015c18c	32	SetLineF3	graphics	0	folder
8015c1ac	32	SetLineG3	graphics	0	folder
8015c1cc	32	SetLineF4	graphics	0	folder
8015c1ec	32	SetLineG4	graphics	0	folder
8015c20c	20	SetBlockFill	graphics	0	folder
8015c220	28	func_8015c220	graphics	0	folder
8015c23c	52	MargePrim	graphics	2	folder
8015c270	384	DumpDrawEnv	graphics	0	folder
8015c3f0	172	DumpDispEnv	graphics	0	folder
8015c49c	236	LoadTPage	graphics	0	folder
8015c588	104	LoadClut	graphics	0	folder
8015c5f0	192	SetDefDrawEnv	graphics	1	folder
8015c6b0	60	SetDefDispEnv	graphics	1	folder
8015c6ec	144	CdInit	disc	2	folder
8015c77c	40	def_cbsync	disc	0	folder
8015c7a4	40	def_cbready	disc	0	folder
8015c7cc	40	def_cbread	disc	0	folder
8015c7f4	12	DeliverEvent	system	0	folder
8015c804	16	CdStatus	disc	0	folder
8015c814	16	func_8015c814	disc	1	place
8015c824	108	CdReset	disc	0	folder
8015c890	32	CdFlush	disc	0	folder
8015c8b0	24	CdSetDebug	disc	0	folder
8015c8c8	56	CdComstr	disc	0	folder
8015c900	56	CdIntstr	disc	0	folder
8015c938	32	CdSync	disc	8	folder
8015c958	32	CdReady	disc	2	folder
8015c978	24	CdSyncCallback	disc	0	folder
8015c990	24	func_8015c990	disc	3	name
8015c9a8	24	func_8015c9a8	disc	0	name
8015c9c0	328	CdControl	disc	9	folder
8015cb08	316	CdControlF	disc	1	folder
8015cc44	340	CdControlB	disc	5	folder
8015cd98	36	CdMix	disc	1	folder
8015cdbc	36	CdGetSector	disc	3	folder
8015cde0	36	CdDataCallback	disc	0	folder
8015ce04	32	CdDataSync	disc	0	folder
8015ce24	32	func_8015ce24	disc	0	place
8015ce44	128	func_8015ce44	disc	0	place
8015cec4	260	CdIntToPos	disc	4	folder
8015cfc8	128	CdPosToInt	disc	1	folder
8015d048	1340	getintr	disc	0	folder
8015d584	628	CD_sync	disc	0	folder
8015d7f8	704	CD_ready	disc	0	folder
8015dab8	1108	CD_cw	disc	0	folder
8015df0c	136	CD_vol	disc	0	folder
8015df94	152	CD_wait_shell	disc	0	folder
8015e02c	224	CD_flush	disc	0	folder
8015e10c	244	CD_initvol	disc	0	folder
8015e200	104	CD_initintr	disc	0	folder
8015e268	596	CD_init	disc	0	folder
8015e4bc	716	CD_read_restart	disc	0	folder
8015e788	248	CD_read_begin	disc	0	folder
8015e880	680	CD_read_wait	disc	0	folder
8015eb28	348	CD_datasync	disc	0	folder
8015ec84	224	CD_getsector	disc	0	folder
8015ed64	16	CD_set_test_parmnum	disc	0	folder
8015ed74	224	callback	disc	0	folder
8015ee54	364	cb_read	disc	0	folder
8015efc0	48	ResetCallback	system	2	folder
8015eff0	48	InterruptCallback	system	0	folder
8015f020	48	DMACallback	system	0	folder
8015f050	52	VSyncCallback	system	0	folder
8015f084	48	VSyncCallbacks	system	0	folder
8015f0b4	48	StopCallback	system	2	folder
8015f0e4	48	RestartCallback	system	0	folder
8015f114	16	CheckCallback	system	0	folder
8015f124	24	GetIntrMask	system	0	folder
8015f13c	28	SetIntrMask	system	0	folder
8015f158	220	startIntr	system	0	folder
8015f234	488	trapIntr	system	0	folder
8015f41c	340	setIntr	system	0	folder
8015f570	176	stopIntr	system	0	folder
8015f620	136	restartIntr	system	0	folder
8015f6a8	44	memclr	system	0	folder
8015f6d4	12	HookEntryInt	system	0	folder
8015f6e4	12	ResetEntryInt	system	0	folder
8015f6f4	12	ChangeClearRCnt	system	0	folder
8015f704	12	_96_remove	disc	0	name
8015f714	12	ReturnFromException	system	0	folder
8015f724	12	setjmp	C library	0	folder
8015f734	24	func_8015f734	unidentified	1	-
8015f74c	16	func_8015f74c	system	0	name
8015f75c	80	startIntrDMA	system	0	folder
8015f7ac	388	trapIntrDMA	system	0	folder
8015f930	168	setIntrDMA	system	0	folder
8015f9d8	44	DMA_memclr	system	0	folder
8015fa04	88	startIntrVSync	system	0	folder
8015fa5c	124	trapIntrVSync	system	0	folder
8015fad8	44	setIntrVSync	system	0	folder
8015fb04	44	VSync_memclr	system	0	folder
8015fb30	328	VSync	system	1	folder
8015fc78	156	v_wait	system	0	folder
8015fd14	12	puts	C library	0	folder
8015fd24	192	-	unidentified	1	-
8015fde4	32	func_8015fde4	unidentified	1	-
8015fe04	36	func_8015fe04	unidentified	1	-
8015fe28	16	func_8015fe28	unidentified	1	-
8015fe38	24	func_8015fe38	unidentified	0	-
8015fe50	368	SsVabTransBodyPartly	sound	2	folder
8015ffc0	636	-	sound	0	name
8016023c	1248	SpuVmKeyOnNow	sound	0	folder
8016071c	564	SpuVmDoAllocate	sound	0	folder
80160950	1220	vmNoiseOn	sound	0	folder
80160e14	424	vmNoiseOn2	sound	0	folder
80160fbc	188	note2pitch	sound	0	folder
80161078	256	note2pitch2	sound	0	folder
80161178	440	SePitchBend	sound	0	folder
80161330	8	SsUtVibrateOn	sound	0	folder
80161338	8	SsUtVibrateOff	sound	0	folder
80161340	440	SeAutoVol	sound	0	folder
801614f8	908	SetAutoVol	sound	0	folder
80161884	440	SeAutoPan	sound	0	folder
80161a3c	896	SetAutoPan	sound	0	folder
80161dbc	1024	SpuVmInit	sound	0	folder
801621bc	152	SpuVmNoiseOnWithAdsr	sound	0	folder
80162254	180	SpuVmNoiseOff	sound	0	folder
80162308	128	SpuVmNoiseOn	sound	0	folder
80162388	536	SpuVmPBVoice	sound	0	folder
801625a0	240	SpuVmPitchBend	sound	0	folder
80162690	964	SpuVmFlush	sound	0	folder
80162a54	1216	SpuVmKeyOn	sound	0	folder
80162f14	504	SpuVmKeyOff	sound	0	folder
8016310c	236	SpuVmSeKeyOn	sound	0	folder
801631f8	52	SpuVmSeKeyOff	sound	0	folder
8016322c	8	KeyOnCheck	sound	0	folder
80163234	376	SpuVmSetSeqVol	sound	0	folder
801633ac	112	SpuVmGetSeqVol	sound	0	folder
8016341c	84	SpuVmGetSeqLVol	sound	0	folder
80163470	84	SpuVmGetSeqRVol	sound	0	folder
801634c4	320	SpuVmSeqKeyOff	sound	0	folder
80163604	116	SpuVmSetProgVol	sound	0	folder
80163678	84	SpuVmGetProgVol	sound	0	folder
801636cc	116	SpuVmSetProgPan	sound	0	folder
80163740	84	SpuVmGetProgPan	sound	0	folder
80163794	964	-	sound	0	name
80163b58	1000	SsUtKeyOn	sound	0	folder
80163f40	512	SsUtKeyOff	sound	0	folder
80164140	1004	SsUtKeyOnV	sound	1	folder
8016452c	280	SsUtKeyOffV	sound	1	folder
80164644	144	SsUtPitchBend	sound	0	folder
801646d4	344	SsUtChangePitch	sound	0	folder
8016482c	236	SsUtChangeADSR	sound	0	folder
80164918	88	SsUtGetDetVVol	sound	0	folder
80164970	124	SsUtSetDetVVol	sound	0	folder
801649ec	140	SsUtGetVVol	sound	0	folder
80164a78	156	SsUtSetVVol	sound	1	folder
80164b14	84	SsUtAutoVol	sound	0	folder
80164b68	84	SsUtAutoPan	sound	0	folder
80164bbc	504	SsUtAllKeyOff	sound	2	folder
80164db4	212	SpuVmVSetUp	sound	0	folder
80164e88	56	func_80164e88	unidentified	0	-
80164ec0	48	SsSeqSetVol	sound	1	folder
80164ef0	56	func_80164ef0	unidentified	1	-
80164f28	340	_SsInit	sound	0	folder
8016507c	32	SsInit	sound	1	folder
8016509c	32	SsInitHot	sound	0	folder
801650bc	480	SsSetTableSize	sound	1	folder
8016529c	384	SsSetTickMode	sound	1	folder
8016541c	656	_SsStart	sound	0	folder
801656ac	32	SsStart	sound	0	folder
801656cc	32	SsStart2	sound	1	folder
801656ec	164	func_801656ec	unidentified	2	-
80165790	32	SsQuit	sound	2	folder
801657b0	52	_SsTrapIntrVSync	sound	0	folder
801657e4	72	_SsSeqCalledTbyT_1per2	sound	0	folder
8016582c	20	SsSetMono	sound	1	folder
80165840	16	SsSetStereo	sound	1	folder
80165850	52	SsVabOpenHead	sound	0	folder
80165884	52	SsVabOpenHeadSticky	sound	1	folder
801658b8	52	SsVabFakeHead	sound	0	folder
801658ec	1096	SsVabOpenHeadWithMode	sound	0	folder
80165d34	80	SsSetMVol	sound	2	folder
80165d84	960	-	unidentified	0	-
80166144	304	-	unidentified	1	-
80166274	276	_SsSeqPlay	sound	0	folder
80166388	688	_SsGetSeqData	sound	0	folder
80166638	280	_SsNoteOn	sound	0	folder
80166750	124	_SsSetProgramChange	sound	0	folder
801667cc	924	_SsSetControlChange	sound	0	folder
80166b68	316	_SsContModulation	sound	0	folder
80166ca4	316	_SsContPortaTime	sound	0	folder
80166de0	360	_SsContPortamento	sound	0	folder
80166f48	204	_SsContResetAll	sound	0	folder
80167014	308	_SsContNrpn1	sound	0	folder
80167148	328	_SsContNrpn2	sound	0	folder
80167290	124	_SsContRpn1	sound	0	folder
8016730c	124	_SsContRpn2	sound	0	folder
80167388	1504	-	sound	0	name
80167968	716	_SsSndSetVabAttr	sound	0	folder
80167c34	176	_SsSetPitchBend	sound	0	folder
80167ce4	852	_SsGetMetaEvent	sound	0	folder
80168038	188	_SsReadDeltaValue	sound	0	folder
801680f4	92	_SsUtResolveADSR	sound	0	folder
80168150	140	_SsUtBuildADSR	sound	0	folder
801681dc	32	SsUtReverbOn	sound	0	folder
801681fc	32	SsUtReverbOff	sound	0	folder
8016821c	164	SsUtSetReverbType	sound	0	folder
801682c0	16	SsUtGetReverbType	sound	0	folder
801682d0	152	SsUtSetReverbDepth	sound	0	folder
80168368	64	SsUtSetReverbFeedback	sound	0	folder
801683a8	64	SsUtSetReverbDelay	sound	0	folder
801683e8	256	_SsSndNextSep	sound	0	folder
801684e8	576	SsUtGetVagAtr	sound	0	folder
80168728	460	SsUtSetVagAtr	sound	0	folder
801688f4	20	SpuVmDamperOn	sound	0	folder
80168908	268	SsUtGetProgAtr	sound	0	folder
80168a14	16	SpuVmDamperOff	sound	0	folder
80168a24	808	_SsInitSoundSeq	sound	0	folder
80168d4c	204	SsSeqOpen	sound	1	folder
80168e18	256	Snd_SetPlayMode	sound	0	folder
80168f18	56	SsSeqPlay	sound	0	folder
80168f50	56	SsSepPlay	sound	1	folder
80168f88	196	func_80168f88	unidentified	0	-
8016904c	352	func_8016904c	unidentified	2	-
801691ac	44	SsVabTransCompleted	sound	2	folder
801691d8	364	_SsSndStop	sound	0	folder
80169344	40	SsSeqStop	sound	0	folder
8016936c	44	SsSepStop	sound	3	folder
80169398	628	SsSeqCalledTbyT	sound	0	folder
8016960c	1200	_SsSndDecrescendo	sound	0	folder
80169abc	104	_SsSndReplay	sound	0	folder
80169b24	44	_SsSndPlay	sound	0	folder
80169b50	1404	_SsSndCrescendo	sound	0	folder
8016a0cc	160	_SsSndPause	sound	0	folder
8016a16c	100	-	unidentified	0	-
8016a1d0	480	_SsSndTempo	sound	0	folder
8016a3b0	144	SsVabClose	sound	3	folder
8016a440	92	SsVabOpen	sound	0	folder
8016a49c	208	SsVabTransBody	sound	0	folder
8016a56c	380	_SsClose	sound	0	folder
8016a6e8	36	SsSeqClose	sound	1	folder
8016a70c	36	SsSepClose	sound	2	folder
8016a730	148	SsSetSerialAttr	sound	3	folder
8016a7c4	32	func_8016a7c4	sound	0	name
8016a7e4	148	func_8016a7e4	unidentified	1	-
8016a878	1296	SpuSetReverbModeParam	sound	0	folder
8016ad88	1232	_spu_setReverbAttr	sound	0	folder
8016b258	112	_SpuIsInAllocateArea	sound	0	folder
8016b2c8	120	_SpuIsInAllocateArea_	sound	0	folder
8016b340	36	SpuSetNoiseVoice	sound	0	folder
8016b364	916	SpuSetCommonAttr	sound	0	folder
8016b6f8	144	_spu_reset	sound	0	folder
8016b788	1464	-	sound	0	name
8016bd40	392	_spu_setVoiceRegs	sound	0	folder
8016bec8	836	_spu_writeByIO	sound	0	folder
8016c20c	428	_spu_FiDMA	sound	0	folder
8016c3b8	496	_spu_r_	sound	0	folder
8016c5a8	680	_spu_t	sound	0	folder
8016c850	136	_spu_write	sound	0	folder
8016c8d8	104	_spu_read	sound	0	folder
8016c940	72	_spu_FsetRXX	sound	0	folder
8016c988	164	_spu_FsetRXXa	sound	0	folder
8016ca2c	60	_spu_FgetRXXa	sound	0	folder
8016ca68	416	SpuClearReverbWorkArea	sound	0	folder
8016cc08	12	WaitEvent	system	0	folder
8016cc18	124	SpuFree	sound	0	folder
8016cc94	32	SpuInit	sound	0	folder
8016ccb4	208	SpuSetReverb	sound	0	folder
8016cd84	200	_SpuInit	sound	0	folder
8016ce4c	132	SpuStart	sound	0	folder
8016ced0	36	_SpuDataCallback	sound	0	folder
8016cef4	124	SpuQuit	sound	0	folder
8016cf70	168	SpuIsTransferCompleted	sound	0	folder
8016d018	84	SpuInitMalloc	sound	0	folder
8016d06c	52	SpuSetTransferMode	sound	1	folder
8016d0a0	60	SpuSetTransferStartAddr	sound	0	folder
8016d0dc	96	func_8016d0dc	sound	0	name
8016d13c	44	func_8016d13c	sound	0	name
8016d168	16	_spu_getInTransfer	sound	0	folder
8016d178	712	SpuMalloc	sound	0	folder
8016d440	140	SpuWritePartly	sound	0	folder
8016d4cc	768	_spu_gcSPU	sound	0	folder
8016d7cc	180	SpuSetAnyVoice	sound	0	folder
8016d880	12	_card_load	memory card	0	folder
8016d890	12	_card_info	memory card	0	folder
8016d8a0	48	-	unidentified	0	-
8016d8d0	12	_card_write	memory card	0	folder
8016d8e0	12	InitCARD	memory card	1	folder
8016d8f0	12	StartCARD	memory card	1	folder
8016d900	12	_bu_init	memory card	1	name
8016d910	12	_new_card	memory card	0	folder
